sales_id,product_id,sale_date,retailer_id,quantity_sold,selling_price
1,1,2023-04-03,85,327,45.19
2,4,2023-04-03,15,156,8.15
3,5,2023-04-03,189,81,38.19
4,6,2023-04-03,64,100,11.51
5,7,2023-04-03,207,39,46.46
6,8,2023-04-03,19,36,13.62
7,9,2023-04-03,189,46,20.25
8,10,2023-04-03,42,225,15.26
9,11,2023-04-03,136,132,27.55
10,13,2023-04-03,91,297,41.69
11,15,2023-04-03,55,223,45.31
12,16,2023-04-03,153,258,38.8
13,17,2023-04-03,140,171,8.72
14,19,2023-04-03,197,64,46.44
15,22,2023-04-03,2,55,16.82
16,23,2023-04-03,93,80,39.4
17,24,2023-04-03,99,61,33.05
18,26,2023-04-03,98,126,24.7
19,27,2023-04-03,54,117,11.45
20,29,2023-04-03,66,64,33.66
21,30,2023-04-03,148,95,34.54
22,31,2023-04-03,217,95,45.03
23,35,2023-04-03,42,151,29.4
24,40,2023-04-03,220,32,10.18
25,42,2023-04-03,131,192,39.18
26,44,2023-04-03,140,183,51.64
27,48,2023-04-03,54,94,13.98
28,49,2023-04-03,76,82,52.81
29,51,2023-04-03,155,58,42.63
30,53,2023-04-03,218,87,40.01
31,56,2023-04-03,6,53,10.03
32,57,2023-04-03,179,408,34.98
33,59,2023-04-03,39,52,51.07
34,60,2023-04-03,124,72,19.43
35,65,2023-04-03,154,147,49.14
36,66,2023-04-03,37,43,47.36
37,67,2023-04-03,98,149,20.36
38,68,2023-04-03,206,61,24.5
39,69,2023-04-03,195,91,10.42
40,70,2023-04-03,209,294,51.32
41,72,2023-04-03,163,149,53.87
42,73,2023-04-03,66,127,36.53
43,74,2023-04-03,156,48,37.71
44,79,2023-04-03,10,180,29.76
45,80,2023-04-03,111,15,24.36
46,82,2023-04-03,9,137,42.14
47,84,2023-04-03,214,85,37.73
48,86,2023-04-03,14,99,165.25
49,87,2023-04-03,131,174,114.01
50,90,2023-04-03,59,40,120.19
51,91,2023-04-03,88,195,89.34
52,92,2023-04-03,219,86,138.33
53,96,2023-04-03,127,150,143.41
54,98,2023-04-03,104,109,154.85
55,99,2023-04-03,143,97,186.31
56,100,2023-04-03,136,47,143.23
57,101,2023-04-03,188,30,115.51
58,102,2023-04-03,155,122,181.74
59,103,2023-04-03,118,28,121.04
60,104,2023-04-03,23,79,119.85
61,106,2023-04-03,18,77,172.3
62,107,2023-04-03,161,268,150.85
63,109,2023-04-03,158,139,190.33
64,111,2023-04-03,71,48,101.54
65,112,2023-04-03,94,69,92.08
66,113,2023-04-03,169,95,77.57
67,114,2023-04-03,34,75,44.33
68,115,2023-04-03,63,167,99.01
69,117,2023-04-03,68,219,150.1
70,118,2023-04-03,1,171,68.41
71,119,2023-04-03,124,50,60.04
72,121,2023-04-03,35,93,26.75
73,122,2023-04-03,181,190,28.54
74,124,2023-04-03,28,72,41.2
75,126,2023-04-03,122,147,138.04
76,128,2023-04-03,70,50,35.8
77,129,2023-04-03,77,103,122.76
78,130,2023-04-03,164,69,48.59
79,131,2023-04-03,209,156,34.16
80,132,2023-04-03,167,138,137.26
81,133,2023-04-03,65,198,71.54
82,137,2023-04-03,149,163,165.66
83,139,2023-04-03,102,67,69.1
84,141,2023-04-03,1,93,111.64
85,143,2023-04-03,74,91,138.98
86,144,2023-04-03,158,113,152.87
87,146,2023-04-03,208,90,89.37
88,149,2023-04-03,60,102,72.3
89,150,2023-04-03,27,90,58.05
90,153,2023-04-03,18,14,70.37
91,154,2023-04-03,28,90,40.02
92,155,2023-04-03,122,122,109.39
93,156,2023-04-03,79,145,98.48
94,158,2023-04-03,174,115,23.08
95,161,2023-04-03,82,223,60.87
96,163,2023-04-03,214,132,64.65
97,164,2023-04-03,111,91,33.58
98,165,2023-04-03,145,76,115.58
99,167,2023-04-03,98,70,62.05
100,168,2023-04-03,5,120,48.27
101,169,2023-04-03,148,208,27.64
102,170,2023-04-03,116,40,43.17
103,1,2023-04-10,106,104,46.17
104,3,2023-04-10,43,62,15.05
105,4,2023-04-10,15,142,8.52
106,5,2023-04-10,159,180,38.02
107,9,2023-04-10,81,74,20.55
108,10,2023-04-10,3,262,15.41
109,11,2023-04-10,114,165,27.82
110,13,2023-04-10,184,84,41.0
111,14,2023-04-10,101,57,33.72
112,15,2023-04-10,73,198,43.68
113,16,2023-04-10,184,99,38.09
114,17,2023-04-10,136,94,8.98
115,20,2023-04-10,33,165,19.1
116,21,2023-04-10,112,63,12.71
117,23,2023-04-10,63,93,40.08
118,25,2023-04-10,126,87,44.04
119,26,2023-04-10,121,303,25.55
120,27,2023-04-10,136,89,11.61
121,30,2023-04-10,121,261,34.66
122,31,2023-04-10,30,172,45.21
123,32,2023-04-10,16,82,35.62
124,34,2023-04-10,169,142,45.13
125,35,2023-04-10,79,58,29.28
126,38,2023-04-10,83,57,29.69
127,39,2023-04-10,134,243,33.93
128,42,2023-04-10,47,145,38.48
129,44,2023-04-10,131,253,51.33
130,48,2023-04-10,106,64,14.36
131,50,2023-04-10,116,58,22.66
132,51,2023-04-10,196,51,42.19
133,53,2023-04-10,86,49,40.4
134,55,2023-04-10,97,24,44.1
135,57,2023-04-10,50,151,34.4
136,60,2023-04-10,68,279,19.25
137,63,2023-04-10,134,190,56.86
138,64,2023-04-10,153,258,17.57
139,65,2023-04-10,80,106,51.53
140,67,2023-04-10,108,115,19.44
141,70,2023-04-10,148,90,51.44
142,71,2023-04-10,74,50,40.18
143,72,2023-04-10,147,96,54.7
144,73,2023-04-10,67,52,36.4
145,75,2023-04-10,150,84,37.74
146,82,2023-04-10,170,88,41.7
147,84,2023-04-10,48,121,38.58
148,85,2023-04-10,54,23,23.3
149,86,2023-04-10,112,93,161.53
150,87,2023-04-10,179,267,111.25
151,88,2023-04-10,161,81,166.5
152,93,2023-04-10,168,16,170.45
153,94,2023-04-10,156,165,104.54
154,96,2023-04-10,51,138,139.61
155,97,2023-04-10,191,117,103.75
156,99,2023-04-10,140,113,186.23
157,101,2023-04-10,123,171,119.73
158,103,2023-04-10,1,77,117.53
159,104,2023-04-10,118,54,121.05
160,106,2023-04-10,115,42,170.62
161,107,2023-04-10,175,109,152.26
162,109,2023-04-10,33,183,191.26
163,111,2023-04-10,149,160,102.3
164,115,2023-04-10,72,59,98.75
165,116,2023-04-10,172,88,122.12
166,117,2023-04-10,127,76,152.24
167,118,2023-04-10,25,61,68.57
168,119,2023-04-10,42,117,61.82
169,120,2023-04-10,73,93,145.61
170,121,2023-04-10,187,43,26.52
171,122,2023-04-10,158,91,29.04
172,126,2023-04-10,44,109,132.09
173,129,2023-04-10,143,94,119.45
174,130,2023-04-10,202,95,49.2
175,131,2023-04-10,24,84,33.86
176,133,2023-04-10,26,329,70.53
177,134,2023-04-10,127,82,97.25
178,136,2023-04-10,45,55,123.76
179,137,2023-04-10,15,124,162.68
180,139,2023-04-10,130,41,66.69
181,140,2023-04-10,112,42,155.25
182,142,2023-04-10,171,27,148.79
183,143,2023-04-10,94,115,138.92
184,145,2023-04-10,69,61,31.98
185,150,2023-04-10,58,50,58.12
186,155,2023-04-10,116,52,111.81
187,156,2023-04-10,43,109,98.55
188,157,2023-04-10,163,144,46.67
189,158,2023-04-10,17,140,23.09
190,159,2023-04-10,92,133,105.64
191,161,2023-04-10,183,217,60.22
192,163,2023-04-10,11,234,65.44
193,165,2023-04-10,21,55,113.17
194,167,2023-04-10,126,68,61.35
195,168,2023-04-10,123,258,48.59
196,169,2023-04-10,47,259,28.11
197,170,2023-04-10,92,11,44.79
198,1,2023-04-17,52,363,45.8
199,3,2023-04-17,218,45,15.0
200,4,2023-04-17,141,135,8.39
201,5,2023-04-17,27,49,37.13
202,7,2023-04-17,92,21,44.54
203,10,2023-04-17,206,143,15.23
204,11,2023-04-17,95,80,27.61
205,14,2023-04-17,54,59,33.02
206,15,2023-04-17,63,208,45.61
207,17,2023-04-17,20,106,8.97
208,18,2023-04-17,120,14,24.37
209,20,2023-04-17,153,138,19.65
210,21,2023-04-17,122,151,12.76
211,22,2023-04-17,100,232,16.67
212,26,2023-04-17,78,149,25.78
213,27,2023-04-17,96,132,11.42
214,28,2023-04-17,129,58,44.14
215,29,2023-04-17,174,10,34.76
216,33,2023-04-17,144,70,26.06
217,35,2023-04-17,8,106,29.57
218,38,2023-04-17,77,41,29.66
219,39,2023-04-17,138,169,33.58
220,42,2023-04-17,18,147,39.37
221,44,2023-04-17,208,144,51.7
222,45,2023-04-17,33,106,17.19
223,47,2023-04-17,35,75,9.56
224,49,2023-04-17,135,61,50.19
225,51,2023-04-17,189,52,42.31
226,52,2023-04-17,219,20,20.87
227,53,2023-04-17,125,75,39.57
228,55,2023-04-17,25,38,43.54
229,57,2023-04-17,90,137,35.63
230,58,2023-04-17,123,132,16.5
231,60,2023-04-17,199,124,19.34
232,63,2023-04-17,198,219,55.54
233,64,2023-04-17,79,47,17.72
234,65,2023-04-17,54,76,49.81
235,66,2023-04-17,178,60,46.01
236,68,2023-04-17,190,109,24.23
237,72,2023-04-17,192,139,52.9
238,73,2023-04-17,165,79,36.55
239,74,2023-04-17,1,23,38.15
240,75,2023-04-17,193,68,37.48
241,76,2023-04-17,132,54,18.84
242,79,2023-04-17,128,72,29.13
243,80,2023-04-17,155,13,23.78
244,81,2023-04-17,172,73,33.64
245,82,2023-04-17,81,131,42.34
246,84,2023-04-17,209,399,37.77
247,85,2023-04-17,205,121,24.4
248,88,2023-04-17,218,99,165.32
249,89,2023-04-17,4,34,161.79
250,91,2023-04-17,18,99,91.06
251,92,2023-04-17,26,141,138.32
252,94,2023-04-17,107,81,103.02
253,95,2023-04-17,134,147,112.6
254,96,2023-04-17,219,148,145.17
255,97,2023-04-17,88,183,100.3
256,99,2023-04-17,206,90,185.94
257,101,2023-04-17,61,49,116.92
258,102,2023-04-17,118,207,182.53
259,104,2023-04-17,81,57,116.93
260,105,2023-04-17,17,41,101.2
261,107,2023-04-17,168,143,149.61
262,108,2023-04-17,147,80,129.76
263,109,2023-04-17,206,94,188.3
264,114,2023-04-17,21,83,42.92
265,117,2023-04-17,171,57,149.66
266,119,2023-04-17,64,93,60.37
267,122,2023-04-17,89,124,28.55
268,124,2023-04-17,59,93,42.4
269,125,2023-04-17,64,86,106.36
270,126,2023-04-17,23,201,135.84
271,129,2023-04-17,31,100,120.57
272,130,2023-04-17,63,77,48.73
273,131,2023-04-17,211,99,33.59
274,132,2023-04-17,191,120,142.3
275,133,2023-04-17,195,192,71.39
276,135,2023-04-17,171,27,35.0
277,141,2023-04-17,46,61,110.39
278,142,2023-04-17,127,31,148.72
279,144,2023-04-17,154,212,151.87
280,146,2023-04-17,68,156,90.5
281,149,2023-04-17,21,11,73.49
282,154,2023-04-17,22,153,39.66
283,155,2023-04-17,48,80,110.93
284,156,2023-04-17,213,88,98.07
285,157,2023-04-17,175,88,47.03
286,158,2023-04-17,80,268,23.52
287,159,2023-04-17,180,75,107.37
288,161,2023-04-17,165,165,61.42
289,162,2023-04-17,45,41,109.01
290,163,2023-04-17,200,208,66.03
291,164,2023-04-17,106,80,34.01
292,165,2023-04-17,32,75,113.58
293,166,2023-04-17,89,62,73.71
294,167,2023-04-17,216,82,60.56
295,168,2023-04-17,72,106,48.23
296,169,2023-04-17,24,140,27.61
297,1,2023-04-24,63,248,44.46
298,2,2023-04-24,191,75,18.6
299,5,2023-04-24,92,46,37.04
300,7,2023-04-24,123,111,44.96
301,9,2023-04-24,31,57,20.36
302,10,2023-04-24,146,139,15.04
303,11,2023-04-24,62,180,28.4
304,12,2023-04-24,205,43,35.49
305,14,2023-04-24,107,154,32.87
306,20,2023-04-24,6,71,19.35
307,21,2023-04-24,46,53,12.49
308,23,2023-04-24,123,261,39.65
309,24,2023-04-24,199,117,32.81
310,25,2023-04-24,141,144,44.19
311,26,2023-04-24,78,205,25.76
312,27,2023-04-24,158,122,11.97
313,28,2023-04-24,158,63,43.36
314,31,2023-04-24,78,169,46.53
315,32,2023-04-24,185,60,36.1
316,33,2023-04-24,59,62,26.07
317,34,2023-04-24,160,92,46.31
318,38,2023-04-24,71,44,29.54
319,42,2023-04-24,102,82,39.49
320,44,2023-04-24,191,217,50.95
321,45,2023-04-24,94,108,16.89
322,47,2023-04-24,76,58,9.93
323,50,2023-04-24,61,47,22.69
324,51,2023-04-24,137,53,42.99
325,53,2023-04-24,213,59,39.98
326,54,2023-04-24,217,99,24.99
327,57,2023-04-24,191,176,34.93
328,59,2023-04-24,98,75,51.78
329,61,2023-04-24,85,219,45.57
330,63,2023-04-24,218,145,56.88
331,64,2023-04-24,183,113,17.8
332,65,2023-04-24,193,58,51.27
333,67,2023-04-24,185,133,20.2
334,68,2023-04-24,95,93,23.62
335,72,2023-04-24,47,183,52.97
336,73,2023-04-24,130,58,37.54
337,75,2023-04-24,204,90,37.34
338,79,2023-04-24,208,44,29.93
339,81,2023-04-24,9,92,34.03
340,82,2023-04-24,67,87,42.07
341,84,2023-04-24,39,125,38.57
342,86,2023-04-24,132,90,163.48
343,87,2023-04-24,70,126,108.43
344,89,2023-04-24,98,20,163.95
345,90,2023-04-24,35,135,122.64
346,92,2023-04-24,47,126,143.36
347,95,2023-04-24,70,92,113.05
348,96,2023-04-24,56,106,138.94
349,97,2023-04-24,17,88,103.0
350,98,2023-04-24,22,129,154.57
351,99,2023-04-24,93,88,186.03
352,102,2023-04-24,104,223,179.18
353,104,2023-04-24,4,55,121.39
354,106,2023-04-24,189,70,173.41
355,108,2023-04-24,136,72,130.25
356,109,2023-04-24,126,97,190.88
357,111,2023-04-24,192,69,98.83
358,112,2023-04-24,206,51,92.07
359,113,2023-04-24,189,83,77.79
360,114,2023-04-24,51,47,44.42
361,115,2023-04-24,91,150,98.08
362,116,2023-04-24,215,117,117.75
363,117,2023-04-24,173,138,148.83
364,118,2023-04-24,124,100,67.12
365,119,2023-04-24,67,47,59.45
366,120,2023-04-24,63,167,144.24
367,121,2023-04-24,23,34,27.0
368,122,2023-04-24,213,143,29.26
369,126,2023-04-24,197,137,131.54
370,128,2023-04-24,135,85,35.65
371,129,2023-04-24,204,94,121.16
372,130,2023-04-24,164,72,49.19
373,131,2023-04-24,24,58,33.63
374,133,2023-04-24,155,157,69.72
375,135,2023-04-24,145,54,34.25
376,137,2023-04-24,12,76,166.59
377,139,2023-04-24,93,76,67.05
378,141,2023-04-24,213,59,111.98
379,143,2023-04-24,175,58,141.78
380,144,2023-04-24,145,91,150.15
381,145,2023-04-24,39,73,32.1
382,146,2023-04-24,138,163,89.11
383,147,2023-04-24,64,142,66.6
384,150,2023-04-24,156,300,60.08
385,153,2023-04-24,132,34,70.81
386,156,2023-04-24,103,116,97.09
387,157,2023-04-24,134,187,47.38
388,158,2023-04-24,53,405,22.78
389,160,2023-04-24,205,81,102.88
390,161,2023-04-24,36,90,61.81
391,164,2023-04-24,214,48,34.0
392,165,2023-04-24,110,167,112.8
393,166,2023-04-24,141,140,76.55
394,168,2023-04-24,96,134,48.95
395,169,2023-04-24,163,112,28.57
396,1,2023-05-01,100,345,45.22
397,2,2023-05-01,167,87,18.06
398,5,2023-05-01,100,192,38.09
399,7,2023-05-01,85,102,45.26
400,8,2023-05-01,76,58,13.57
401,10,2023-05-01,211,84,15.25
402,11,2023-05-01,33,219,28.77
403,12,2023-05-01,142,42,34.74
404,15,2023-05-01,44,131,43.59
405,16,2023-05-01,138,172,38.0
406,17,2023-05-01,140,86,8.99
407,20,2023-05-01,101,54,19.57
408,21,2023-05-01,16,93,12.75
409,22,2023-05-01,52,233,16.23
410,24,2023-05-01,93,92,31.93
411,25,2023-05-01,165,162,43.26
412,27,2023-05-01,71,104,11.44
413,28,2023-05-01,100,165,44.32
414,29,2023-05-01,139,15,35.21
415,31,2023-05-01,27,112,45.51
416,32,2023-05-01,15,176,35.58
417,33,2023-05-01,160,64,25.6
418,34,2023-05-01,214,42,45.57
419,35,2023-05-01,187,69,29.46
420,39,2023-05-01,77,113,32.88
421,42,2023-05-01,18,104,38.74
422,44,2023-05-01,210,143,50.95
423,46,2023-05-01,79,15,38.86
424,50,2023-05-01,48,44,23.23
425,53,2023-05-01,197,93,40.11
426,54,2023-05-01,4,69,24.99
427,57,2023-05-01,125,96,34.9
428,59,2023-05-01,175,45,50.8
429,60,2023-05-01,74,50,18.98
430,63,2023-05-01,211,92,55.42
431,64,2023-05-01,185,57,18.22
432,65,2023-05-01,219,67,49.85
433,67,2023-05-01,30,257,19.74
434,70,2023-05-01,25,55,50.43
435,71,2023-05-01,48,42,39.68
436,72,2023-05-01,214,112,52.45
437,73,2023-05-01,171,69,36.0
438,74,2023-05-01,196,55,38.15
439,75,2023-05-01,52,273,37.51
440,76,2023-05-01,190,86,18.46
441,77,2023-05-01,198,30,34.37
442,82,2023-05-01,9,97,42.83
443,83,2023-05-01,104,19,40.73
444,84,2023-05-01,201,148,37.82
445,85,2023-05-01,192,23,23.77
446,86,2023-05-01,171,77,161.55
447,88,2023-05-01,131,156,161.92
448,92,2023-05-01,116,67,143.92
449,93,2023-05-01,149,72,172.82
450,94,2023-05-01,147,50,102.84
451,96,2023-05-01,170,139,145.58
452,97,2023-05-01,204,83,103.04
453,98,2023-05-01,32,142,159.6
454,99,2023-05-01,180,52,189.51
455,100,2023-05-01,9,25,138.79
456,101,2023-05-01,216,95,113.99
457,102,2023-05-01,99,135,179.0
458,103,2023-05-01,116,60,121.28
459,107,2023-05-01,34,167,154.31
460,108,2023-05-01,93,46,135.79
461,109,2023-05-01,215,210,192.65
462,114,2023-05-01,180,72,43.53
463,116,2023-05-01,181,162,121.78
464,119,2023-05-01,20,160,59.63
465,120,2023-05-01,18,89,146.37
466,121,2023-05-01,131,82,26.66
467,122,2023-05-01,138,270,29.91
468,126,2023-05-01,173,244,136.82
469,127,2023-05-01,61,45,127.66
470,128,2023-05-01,146,53,35.73
471,130,2023-05-01,183,100,50.14
472,132,2023-05-01,59,72,140.31
473,133,2023-05-01,159,315,72.88
474,135,2023-05-01,47,52,35.26
475,136,2023-05-01,89,25,128.0
476,137,2023-05-01,178,46,161.24
477,141,2023-05-01,191,100,112.29
478,143,2023-05-01,197,49,136.79
479,144,2023-05-01,206,147,148.22
480,145,2023-05-01,167,225,32.44
481,147,2023-05-01,163,49,64.6
482,148,2023-05-01,182,162,38.89
483,149,2023-05-01,205,50,71.92
484,151,2023-05-01,145,46,86.59
485,155,2023-05-01,181,154,110.53
486,156,2023-05-01,123,369,98.8
487,157,2023-05-01,135,101,47.62
488,158,2023-05-01,16,162,23.76
489,159,2023-05-01,40,210,108.3
490,161,2023-05-01,139,136,60.21
491,163,2023-05-01,112,83,63.95
492,164,2023-05-01,112,74,33.71
493,165,2023-05-01,142,100,110.92
494,166,2023-05-01,178,59,76.8
495,168,2023-05-01,103,105,47.74
496,1,2023-05-08,8,253,44.72
497,2,2023-05-08,42,95,18.32
498,7,2023-05-08,127,12,46.11
499,9,2023-05-08,149,140,20.97
500,10,2023-05-08,37,145,15.11
501,11,2023-05-08,118,171,28.85
502,15,2023-05-08,143,121,43.37
503,16,2023-05-08,5,80,38.44
504,19,2023-05-08,192,81,47.0
505,20,2023-05-08,169,165,18.83
506,26,2023-05-08,157,108,24.75
507,27,2023-05-08,179,318,11.66
508,28,2023-05-08,89,76,44.5
509,30,2023-05-08,113,77,36.09
510,31,2023-05-08,12,146,47.11
511,32,2023-05-08,198,133,35.57
512,34,2023-05-08,181,180,45.04
513,35,2023-05-08,24,69,30.64
514,37,2023-05-08,43,30,30.61
515,38,2023-05-08,23,156,30.2
516,39,2023-05-08,33,219,32.38
517,42,2023-05-08,27,140,39.46
518,44,2023-05-08,40,244,49.95
519,46,2023-05-08,192,54,37.44
520,47,2023-05-08,16,120,9.71
521,49,2023-05-08,3,171,51.37
522,53,2023-05-08,37,52,39.61
523,54,2023-05-08,110,174,25.02
524,56,2023-05-08,188,12,9.91
525,57,2023-05-08,50,225,34.57
526,58,2023-05-08,153,93,16.52
527,59,2023-05-08,16,77,51.71
528,61,2023-05-08,199,79,46.56
529,63,2023-05-08,196,118,56.68
530,64,2023-05-08,99,71,18.11
531,65,2023-05-08,141,95,51.09
532,66,2023-05-08,100,105,45.44
533,67,2023-05-08,157,94,19.48
534,68,2023-05-08,115,52,24.15
535,69,2023-05-08,83,45,10.76
536,72,2023-05-08,163,106,54.29
537,74,2023-05-08,65,55,38.23
538,78,2023-05-08,109,44,52.6
539,79,2023-05-08,211,95,29.37
540,81,2023-05-08,220,90,33.19
541,82,2023-05-08,208,102,42.88
542,84,2023-05-08,195,151,39.28
543,87,2023-05-08,131,270,110.98
544,88,2023-05-08,145,77,165.34
545,90,2023-05-08,102,57,121.65
546,91,2023-05-08,220,174,90.95
547,94,2023-05-08,130,61,104.51
548,95,2023-05-08,47,169,114.89
549,96,2023-05-08,129,149,140.48
550,98,2023-05-08,219,88,162.3
551,99,2023-05-08,95,95,184.92
552,102,2023-05-08,121,312,176.38
553,103,2023-05-08,61,45,117.56
554,105,2023-05-08,176,31,103.47
555,106,2023-05-08,17,59,175.67
556,107,2023-05-08,172,219,155.56
557,108,2023-05-08,206,65,130.14
558,109,2023-05-08,79,137,186.32
559,111,2023-05-08,168,41,99.14
560,113,2023-05-08,178,63,77.25
561,114,2023-05-08,37,48,43.6
562,115,2023-05-08,187,53,101.34
563,116,2023-05-08,159,150,117.27
564,117,2023-05-08,70,69,149.54
565,119,2023-05-08,201,98,61.22
566,120,2023-05-08,100,174,146.68
567,122,2023-05-08,187,102,29.21
568,125,2023-05-08,131,36,105.1
569,127,2023-05-08,26,264,129.24
570,128,2023-05-08,111,89,34.7
571,129,2023-05-08,199,149,120.56
572,130,2023-05-08,111,94,47.89
573,131,2023-05-08,201,60,33.52
574,133,2023-05-08,62,344,71.8
575,134,2023-05-08,39,47,96.26
576,135,2023-05-08,97,27,35.26
577,136,2023-05-08,34,79,125.12
578,142,2023-05-08,62,25,149.31
579,143,2023-05-08,87,72,140.45
580,144,2023-05-08,96,130,148.81
581,145,2023-05-08,170,40,31.36
582,147,2023-05-08,181,113,64.6
583,149,2023-05-08,167,138,73.17
584,151,2023-05-08,137,54,87.48
585,152,2023-05-08,195,25,30.12
586,154,2023-05-08,40,90,39.85
587,155,2023-05-08,213,79,109.99
588,156,2023-05-08,192,106,98.82
589,157,2023-05-08,15,207,47.52
590,158,2023-05-08,143,116,23.01
591,161,2023-05-08,139,108,59.51
592,163,2023-05-08,53,312,64.07
593,165,2023-05-08,203,55,111.7
594,166,2023-05-08,132,99,74.38
595,167,2023-05-08,202,144,60.11
596,168,2023-05-08,185,130,47.77
597,169,2023-05-08,8,178,28.67
598,1,2023-05-15,110,266,44.99
599,3,2023-05-15,73,79,14.64
600,5,2023-05-15,105,189,38.22
601,10,2023-05-15,160,124,15.43
602,11,2023-05-15,17,134,28.91
603,13,2023-05-15,50,181,41.5
604,14,2023-05-15,46,93,33.42
605,15,2023-05-15,26,390,44.55
606,16,2023-05-15,130,134,38.09
607,17,2023-05-15,178,96,8.96
608,18,2023-05-15,147,15,25.0
609,20,2023-05-15,211,59,18.65
610,21,2023-05-15,126,84,12.97
611,22,2023-05-15,210,77,16.96
612,23,2023-05-15,84,92,39.72
613,26,2023-05-15,59,101,25.07
614,27,2023-05-15,33,198,11.42
615,29,2023-05-15,4,12,34.12
616,30,2023-05-15,145,88,35.47
617,32,2023-05-15,28,100,37.45
618,33,2023-05-15,175,91,26.42
619,34,2023-05-15,124,48,46.67
620,35,2023-05-15,200,99,30.06
621,37,2023-05-15,24,30,30.75
622,38,2023-05-15,173,149,29.92
623,39,2023-05-15,151,372,34.06
624,42,2023-05-15,45,144,38.39
625,45,2023-05-15,45,44,16.55
626,46,2023-05-15,105,33,38.89
627,48,2023-05-15,211,82,14.03
628,49,2023-05-15,36,95,51.89
629,51,2023-05-15,188,81,42.61
630,57,2023-05-15,185,148,34.89
631,60,2023-05-15,138,117,19.01
632,61,2023-05-15,50,167,46.56
633,63,2023-05-15,59,84,54.91
634,64,2023-05-15,215,136,17.73
635,66,2023-05-15,82,99,47.15
636,70,2023-05-15,150,61,50.98
637,72,2023-05-15,48,104,52.78
638,75,2023-05-15,131,136,38.89
639,76,2023-05-15,161,102,18.65
640,79,2023-05-15,155,93,30.57
641,80,2023-05-15,145,13,24.41
642,82,2023-05-15,81,95,42.74
643,84,2023-05-15,165,163,38.08
644,85,2023-05-15,59,42,24.02
645,86,2023-05-15,151,123,163.5
646,87,2023-05-15,121,309,110.11
647,88,2023-05-15,156,180,163.22
648,93,2023-05-15,40,104,170.37
649,94,2023-05-15,136,51,101.12
650,96,2023-05-15,59,112,142.16
651,97,2023-05-15,209,222,98.74
652,99,2023-05-15,211,58,187.08
653,101,2023-05-15,104,97,114.02
654,105,2023-05-15,60,46,101.51
655,107,2023-05-15,116,98,155.69
656,109,2023-05-15,74,145,188.46
657,110,2023-05-15,23,61,84.73
658,111,2023-05-15,45,83,99.56
659,112,2023-05-15,118,57,92.12
660,114,2023-05-15,134,84,44.06
661,115,2023-05-15,122,82,99.93
662,116,2023-05-15,170,97,117.13
663,119,2023-05-15,219,77,61.66
664,120,2023-05-15,16,88,148.36
665,122,2023-05-15,152,133,29.74
666,126,2023-05-15,46,119,135.81
667,128,2023-05-15,212,43,35.82
668,129,2023-05-15,41,402,121.19
669,131,2023-05-15,4,65,34.69
670,132,2023-05-15,209,261,144.05
671,133,2023-05-15,193,204,72.05
672,138,2023-05-15,58,53,88.2
673,139,2023-05-15,172,100,66.62
674,141,2023-05-15,205,178,108.58
675,143,2023-05-15,173,72,138.46
676,144,2023-05-15,74,142,151.26
677,145,2023-05-15,82,72,31.8
678,146,2023-05-15,116,63,88.68
679,147,2023-05-15,188,93,63.57
680,148,2023-05-15,21,85,39.07
681,151,2023-05-15,212,27,86.68
682,156,2023-05-15,104,223,95.27
683,158,2023-05-15,44,135,23.52
684,161,2023-05-15,206,111,61.19
685,164,2023-05-15,175,80,32.42
686,165,2023-05-15,92,99,110.38
687,166,2023-05-15,94,118,74.12
688,167,2023-05-15,132,77,60.2
689,168,2023-05-15,25,124,46.96
690,169,2023-05-15,49,121,28.17
691,1,2023-05-22,42,165,44.87
692,3,2023-05-22,78,140,14.98
693,4,2023-05-22,40,82,8.16
694,5,2023-05-22,193,96,38.13
695,8,2023-05-22,184,56,13.31
696,10,2023-05-22,58,124,15.6
697,11,2023-05-22,7,399,27.79
698,12,2023-05-22,22,54,35.37
699,15,2023-05-22,170,101,44.28
700,16,2023-05-22,5,103,38.86
701,17,2023-05-22,114,124,8.75
702,18,2023-05-22,99,55,24.0
703,21,2023-05-22,53,270,12.84
704,23,2023-05-22,114,108,39.54
705,24,2023-05-22,179,237,33.0
706,27,2023-05-22,110,167,11.96
707,28,2023-05-22,142,75,43.58
708,31,2023-05-22,86,141,46.68
709,32,2023-05-22,122,136,35.61
710,34,2023-05-22,108,52,45.48
711,35,2023-05-22,6,65,30.2
712,36,2023-05-22,24,50,9.96
713,39,2023-05-22,69,123,33.17
714,41,2023-05-22,116,40,53.71
715,42,2023-05-22,218,85,39.6
716,44,2023-05-22,126,134,50.33
717,47,2023-05-22,100,162,9.6
718,49,2023-05-22,186,97,51.58
719,50,2023-05-22,132,149,22.92
720,51,2023-05-22,209,288,41.64
721,54,2023-05-22,193,81,25.51
722,57,2023-05-22,168,91,34.95
723,61,2023-05-22,212,66,46.39
724,62,2023-05-22,82,61,45.34
725,63,2023-05-22,161,144,55.75
726,64,2023-05-22,100,294,18.26
727,65,2023-05-22,184,92,49.59
728,67,2023-05-22,185,98,19.82
729,68,2023-05-22,75,82,23.28
730,69,2023-05-22,180,15,10.37
731,70,2023-05-22,129,87,50.21
732,72,2023-05-22,17,116,54.12
733,73,2023-05-22,198,90,36.99
734,78,2023-05-22,39,13,54.78
735,80,2023-05-22,183,61,23.89
736,81,2023-05-22,141,79,32.58
737,82,2023-05-22,5,149,42.97
738,83,2023-05-22,68,135,40.37
739,84,2023-05-22,15,153,37.62
740,85,2023-05-22,125,40,23.8
741,87,2023-05-22,216,165,108.95
742,88,2023-05-22,202,88,166.75
743,89,2023-05-22,30,50,164.41
744,90,2023-05-22,70,85,124.93
745,91,2023-05-22,148,129,90.48
746,92,2023-05-22,190,104,137.56
747,95,2023-05-22,6,76,109.82
748,96,2023-05-22,32,270,142.11
749,99,2023-05-22,114,79,189.94
750,102,2023-05-22,173,255,178.27
751,103,2023-05-22,136,53,117.99
752,105,2023-05-22,22,159,103.35
753,106,2023-05-22,51,92,169.93
754,107,2023-05-22,201,131,153.07
755,109,2023-05-22,54,139,194.51
756,111,2023-05-22,151,132,98.76
757,112,2023-05-22,74,23,90.98
758,113,2023-05-22,165,136,75.9
759,114,2023-05-22,27,90,43.19
760,116,2023-05-22,120,80,118.55
761,117,2023-05-22,96,85,151.32
762,118,2023-05-22,183,167,67.83
763,119,2023-05-22,151,150,60.89
764,122,2023-05-22,50,189,29.0
765,124,2023-05-22,197,86,42.9
766,125,2023-05-22,121,90,102.87
767,127,2023-05-22,29,240,124.39
768,128,2023-05-22,77,52,35.44
769,131,2023-05-22,216,113,34.88
770,133,2023-05-22,183,309,72.4
771,134,2023-05-22,76,51,95.61
772,138,2023-05-22,178,16,87.32
773,141,2023-05-22,99,82,112.81
774,142,2023-05-22,59,17,146.4
775,143,2023-05-22,172,124,135.89
776,144,2023-05-22,115,108,150.43
777,145,2023-05-22,180,98,31.06
778,146,2023-05-22,138,162,89.76
779,147,2023-05-22,53,201,65.68
780,150,2023-05-22,153,258,58.04
781,154,2023-05-22,46,91,39.22
782,155,2023-05-22,30,138,111.61
783,157,2023-05-22,82,225,46.96
784,158,2023-05-22,165,199,23.53
785,159,2023-05-22,12,75,108.57
786,161,2023-05-22,32,176,59.17
787,163,2023-05-22,39,82,64.36
788,164,2023-05-22,52,288,32.67
789,166,2023-05-22,100,282,75.17
790,167,2023-05-22,112,74,62.86
791,168,2023-05-22,74,83,47.04
792,169,2023-05-22,44,107,28.62
793,170,2023-05-22,46,27,43.55
794,1,2023-05-29,190,210,45.31
795,2,2023-05-29,124,22,18.96
796,4,2023-05-29,190,162,8.53
797,5,2023-05-29,54,87,37.5
798,8,2023-05-29,152,42,13.21
799,9,2023-05-29,154,163,20.32
800,10,2023-05-29,40,228,14.87
801,11,2023-05-29,139,122,28.88
802,12,2023-05-29,97,34,34.09
803,14,2023-05-29,182,147,33.49
804,15,2023-05-29,212,120,44.51
805,16,2023-05-29,142,133,38.28
806,17,2023-05-29,1,73,9.04
807,18,2023-05-29,21,35,24.38
808,19,2023-05-29,132,126,46.02
809,20,2023-05-29,215,117,19.27
810,24,2023-05-29,51,54,33.31
811,25,2023-05-29,87,86,44.65
812,27,2023-05-29,35,154,11.45
813,28,2023-05-29,165,100,43.58
814,31,2023-05-29,104,237,46.11
815,32,2023-05-29,82,102,35.74
816,33,2023-05-29,108,85,26.33
817,35,2023-05-29,97,71,29.98
818,36,2023-05-29,219,97,9.95
819,39,2023-05-29,219,126,32.69
820,40,2023-05-29,133,14,10.54
821,41,2023-05-29,35,28,52.61
822,42,2023-05-29,194,103,38.5
823,43,2023-05-29,72,45,34.66
824,44,2023-05-29,49,122,49.85
825,45,2023-05-29,83,37,16.99
826,48,2023-05-29,117,97,14.15
827,49,2023-05-29,173,102,51.2
828,51,2023-05-29,149,127,42.23
829,54,2023-05-29,68,261,24.77
830,55,2023-05-29,50,36,45.56
831,56,2023-05-29,115,37,10.1
832,57,2023-05-29,159,243,34.3
833,58,2023-05-29,131,72,16.73
834,60,2023-05-29,195,82,19.36
835,61,2023-05-29,158,74,46.21
836,63,2023-05-29,8,253,54.54
837,65,2023-05-29,187,71,49.9
838,68,2023-05-29,153,249,23.46
839,71,2023-05-29,146,22,40.46
840,72,2023-05-29,149,248,53.22
841,74,2023-05-29,167,159,37.76
842,75,2023-05-29,3,127,38.0
843,76,2023-05-29,4,47,18.36
844,77,2023-05-29,125,10,34.53
845,79,2023-05-29,53,255,29.72
846,80,2023-05-29,152,28,23.96
847,81,2023-05-29,29,192,34.11
848,82,2023-05-29,139,119,43.08
849,83,2023-05-29,92,59,40.44
850,84,2023-05-29,188,139,37.71
851,85,2023-05-29,100,209,23.71
852,86,2023-05-29,7,198,169.48
853,87,2023-05-29,108,97,111.78
854,88,2023-05-29,128,79,162.07
855,91,2023-05-29,54,93,89.93
856,93,2023-05-29,218,13,175.49
857,94,2023-05-29,212,53,101.19
858,96,2023-05-29,151,357,143.05
859,97,2023-05-29,40,79,101.53
860,98,2023-05-29,191,82,157.29
861,99,2023-05-29,68,177,188.52
862,101,2023-05-29,12,49,114.94
863,102,2023-05-29,73,198,178.91
864,103,2023-05-29,160,52,119.84
865,105,2023-05-29,58,37,102.4
866,106,2023-05-29,191,106,167.67
867,107,2023-05-29,118,174,147.77
868,110,2023-05-29,154,75,86.49
869,113,2023-05-29,179,297,77.63
870,114,2023-05-29,217,78,44.5
871,116,2023-05-29,173,138,116.42
872,117,2023-05-29,54,86,149.97
873,122,2023-05-29,18,88,29.81
874,123,2023-05-29,10,158,166.12
875,124,2023-05-29,92,84,41.26
876,125,2023-05-29,76,53,103.81
877,126,2023-05-29,48,104,132.74
878,127,2023-05-29,23,174,126.44
879,129,2023-05-29,206,104,121.32
880,130,2023-05-29,37,97,48.73
881,131,2023-05-29,129,95,33.58
882,132,2023-05-29,99,43,143.08
883,133,2023-05-29,75,156,69.79
884,134,2023-05-29,134,169,94.89
885,137,2023-05-29,31,66,161.74
886,138,2023-05-29,19,100,87.94
887,144,2023-05-29,99,85,153.18
888,146,2023-05-29,90,54,90.71
889,148,2023-05-29,42,126,39.69
890,149,2023-05-29,160,18,73.28
891,150,2023-05-29,5,98,58.26
892,153,2023-05-29,84,13,68.74
893,155,2023-05-29,59,58,112.11
894,156,2023-05-29,154,268,99.63
895,157,2023-05-29,156,408,46.95
896,158,2023-05-29,214,147,22.71
897,160,2023-05-29,153,81,99.92
898,161,2023-05-29,50,190,59.04
899,163,2023-05-29,117,169,64.6
900,166,2023-05-29,99,95,74.06
901,167,2023-05-29,11,120,61.61
902,169,2023-05-29,159,369,27.85
903,1,2023-06-05,22,402,46.01
904,3,2023-06-05,113,100,14.65
905,5,2023-06-05,118,176,36.47
906,8,2023-06-05,3,93,13.01
907,10,2023-06-05,203,136,14.9
908,11,2023-06-05,43,107,27.95
909,14,2023-06-05,81,95,32.55
910,15,2023-06-05,64,154,44.94
911,16,2023-06-05,19,216,39.0
912,17,2023-06-05,154,100,8.86
913,19,2023-06-05,93,68,46.15
914,25,2023-06-05,72,50,45.08
915,26,2023-06-05,218,107,25.75
916,27,2023-06-05,72,107,11.65
917,30,2023-06-05,59,80,35.93
918,31,2023-06-05,191,154,45.47
919,32,2023-06-05,108,76,37.11
920,33,2023-06-05,35,97,26.38
921,34,2023-06-05,217,96,44.57
922,36,2023-06-05,42,163,9.69
923,39,2023-06-05,71,95,33.34
924,40,2023-06-05,196,59,10.03
925,42,2023-06-05,17,140,39.49
926,45,2023-06-05,104,57,17.1
927,47,2023-06-05,154,154,10.05
928,48,2023-06-05,131,144,14.54
929,49,2023-06-05,220,154,50.36
930,50,2023-06-05,198,138,22.62
931,52,2023-06-05,146,59,20.81
932,53,2023-06-05,183,131,38.97
933,54,2023-06-05,95,88,25.12
934,56,2023-06-05,189,20,9.76
935,59,2023-06-05,79,53,50.63
936,60,2023-06-05,1,174,19.36
937,61,2023-06-05,159,189,46.13
938,63,2023-06-05,29,282,55.41
939,64,2023-06-05,124,56,18.15
940,67,2023-06-05,219,144,20.14
941,68,2023-06-05,121,252,23.37
942,69,2023-06-05,11,77,10.82
943,70,2023-06-05,98,55,50.75
944,72,2023-06-05,45,143,55.11
945,73,2023-06-05,211,87,37.0
946,74,2023-06-05,165,37,37.9
947,75,2023-06-05,64,111,38.85
948,78,2023-06-05,126,40,53.65
949,82,2023-06-05,181,253,42.81
950,84,2023-06-05,114,237,38.89
951,86,2023-06-05,148,77,166.67
952,87,2023-06-05,77,137,111.51
953,89,2023-06-05,12,31,163.7
954,90,2023-06-05,36,85,124.19
955,91,2023-06-05,156,189,90.23
956,96,2023-06-05,75,144,140.49
957,99,2023-06-05,119,64,188.72
958,101,2023-06-05,55,64,114.39
959,102,2023-06-05,134,234,181.83
960,103,2023-06-05,92,57,116.27
961,105,2023-06-05,124,15,101.96
962,106,2023-06-05,213,74,173.9
963,107,2023-06-05,13,149,150.89
964,108,2023-06-05,135,63,131.72
965,109,2023-06-05,211,90,191.24
966,114,2023-06-05,177,42,44.72
967,116,2023-06-05,68,222,118.02
968,117,2023-06-05,30,129,153.31
969,118,2023-06-05,60,79,68.47
970,119,2023-06-05,22,156,62.22
971,122,2023-06-05,128,81,29.62
972,123,2023-06-05,162,102,163.03
973,124,2023-06-05,163,58,41.98
974,125,2023-06-05,67,39,102.33
975,126,2023-06-05,72,140,134.64
976,127,2023-06-05,48,40,127.77
977,129,2023-06-05,99,88,120.32
978,130,2023-06-05,183,93,49.1
979,132,2023-06-05,23,135,141.38
980,133,2023-06-05,51,131,71.48
981,134,2023-06-05,118,115,97.75
982,136,2023-06-05,97,20,123.12
983,137,2023-06-05,2,49,163.34
984,138,2023-06-05,183,23,89.97
985,141,2023-06-05,138,126,111.36
986,143,2023-06-05,188,93,139.98
987,144,2023-06-05,188,112,153.2
988,145,2023-06-05,147,95,32.23
989,147,2023-06-05,5,52,64.23
990,148,2023-06-05,48,52,40.71
991,151,2023-06-05,110,63,84.3
992,154,2023-06-05,34,153,38.37
993,156,2023-06-05,40,172,95.29
994,157,2023-06-05,118,156,48.68
995,158,2023-06-05,138,147,23.69
996,161,2023-06-05,216,156,59.4
997,163,2023-06-05,2,105,64.71
998,164,2023-06-05,45,47,33.35
999,166,2023-06-05,12,45,76.29
1000,167,2023-06-05,109,53,60.85
1001,168,2023-06-05,134,187,46.63
1002,169,2023-06-05,178,102,27.86
1003,170,2023-06-05,189,22,43.36
1004,1,2023-06-12,195,226,46.06
1005,2,2023-06-12,169,36,18.18
1006,3,2023-06-12,122,151,14.68
1007,4,2023-06-12,117,129,8.18
1008,5,2023-06-12,57,56,37.32
1009,6,2023-06-12,163,40,11.79
1010,7,2023-06-12,155,12,46.63
1011,9,2023-06-12,88,291,20.23
1012,10,2023-06-12,190,147,15.46
1013,11,2023-06-12,145,111,28.26
1014,14,2023-06-12,173,82,33.33
1015,16,2023-06-12,41,441,37.35
1016,18,2023-06-12,174,59,24.15
1017,19,2023-06-12,133,49,45.54
1018,20,2023-06-12,55,95,19.34
1019,21,2023-06-12,49,63,12.79
1020,22,2023-06-12,164,114,16.75
1021,23,2023-06-12,67,46,38.88
1022,25,2023-06-12,147,67,44.09
1023,26,2023-06-12,104,149,25.2
1024,27,2023-06-12,23,144,11.82
1025,28,2023-06-12,46,52,43.75
1026,29,2023-06-12,208,37,33.51
1027,30,2023-06-12,54,66,35.21
1028,31,2023-06-12,6,92,45.09
1029,32,2023-06-12,210,72,36.83
1030,39,2023-06-12,4,129,32.92
1031,40,2023-06-12,196,47,10.26
1032,41,2023-06-12,158,12,52.08
1033,42,2023-06-12,128,127,39.35
1034,43,2023-06-12,9,27,34.75
1035,44,2023-06-12,18,84,51.15
1036,45,2023-06-12,71,21,17.02
1037,47,2023-06-12,198,142,9.58
1038,48,2023-06-12,179,126,14.58
1039,51,2023-06-12,85,195,42.42
1040,54,2023-06-12,108,59,25.47
1041,56,2023-06-12,64,66,9.79
1042,57,2023-06-12,117,235,34.31
1043,59,2023-06-12,138,102,50.82
1044,60,2023-06-12,126,85,19.61
1045,61,2023-06-12,141,124,46.42
1046,62,2023-06-12,147,45,45.62
1047,63,2023-06-12,169,257,54.86
1048,65,2023-06-12,95,71,50.93
1049,66,2023-06-12,203,29,45.49
1050,67,2023-06-12,180,101,20.48
1051,70,2023-06-12,33,115,50.02
1052,72,2023-06-12,105,300,53.97
1053,73,2023-06-12,137,53,37.41
1054,75,2023-06-12,171,88,37.54
1055,77,2023-06-12,173,68,33.64
1056,82,2023-06-12,43,97,42.62
1057,83,2023-06-12,204,11,41.27
1058,84,2023-06-12,169,147,38.64
1059,86,2023-06-12,53,165,163.93
1060,87,2023-06-12,108,83,112.38
1061,90,2023-06-12,52,279,121.52
1062,91,2023-06-12,177,44,92.49
1063,92,2023-06-12,114,171,143.85
1064,96,2023-06-12,15,234,141.09
1065,97,2023-06-12,59,72,99.3
1066,102,2023-06-12,211,122,181.53
1067,103,2023-06-12,194,31,120.04
1068,104,2023-06-12,126,48,115.46
1069,105,2023-06-12,75,46,102.42
1070,106,2023-06-12,61,85,168.62
1071,107,2023-06-12,96,129,152.38
1072,108,2023-06-12,173,72,132.73
1073,109,2023-06-12,214,124,188.43
1074,111,2023-06-12,3,126,101.18
1075,114,2023-06-12,197,47,44.02
1076,117,2023-06-12,173,156,150.97
1077,118,2023-06-12,43,72,70.1
1078,119,2023-06-12,84,76,61.58
1079,120,2023-06-12,63,99,141.61
1080,121,2023-06-12,20,81,27.35
1081,122,2023-06-12,207,118,29.22
1082,123,2023-06-12,23,162,159.87
1083,124,2023-06-12,97,45,42.16
1084,126,2023-06-12,89,94,135.49
1085,127,2023-06-12,177,88,128.2
1086,128,2023-06-12,125,51,36.09
1087,129,2023-06-12,214,148,120.09
1088,132,2023-06-12,187,71,141.98
1089,133,2023-06-12,64,302,69.92
1090,134,2023-06-12,204,59,93.39
1091,135,2023-06-12,140,88,34.23
1092,136,2023-06-12,75,60,124.68
1093,139,2023-06-12,132,100,67.17
1094,141,2023-06-12,180,68,108.27
1095,143,2023-06-12,120,91,135.98
1096,144,2023-06-12,163,106,148.14
1097,145,2023-06-12,92,64,32.35
1098,147,2023-06-12,200,99,66.84
1099,148,2023-06-12,205,160,39.31
1100,149,2023-06-12,146,47,72.99
1101,150,2023-06-12,38,99,58.56
1102,152,2023-06-12,45,47,30.21
1103,157,2023-06-12,139,137,47.39
1104,158,2023-06-12,85,366,22.9
1105,159,2023-06-12,183,93,108.04
1106,160,2023-06-12,100,129,98.78
1107,163,2023-06-12,32,219,67.01
1108,164,2023-06-12,45,74,33.37
1109,167,2023-06-12,55,124,61.96
1110,168,2023-06-12,190,221,48.74
1111,169,2023-06-12,8,210,27.54
1112,170,2023-06-12,142,19,43.98
1113,1,2023-06-19,152,105,46.22
1114,2,2023-06-19,78,82,18.32
1115,4,2023-06-19,37,89,8.29
1116,8,2023-06-19,7,114,13.24
1117,9,2023-06-19,189,87,20.49
1118,10,2023-06-19,81,128,15.28
1119,11,2023-06-19,40,262,28.94
1120,13,2023-06-19,217,66,40.74
1121,14,2023-06-19,184,69,32.99
1122,15,2023-06-19,36,125,44.35
1123,16,2023-06-19,169,212,38.85
1124,18,2023-06-19,5,12,24.1
1125,19,2023-06-19,95,84,47.48
1126,20,2023-06-19,182,113,18.82
1127,22,2023-06-19,52,184,16.31
1128,24,2023-06-19,14,60,33.13
1129,25,2023-06-19,164,95,44.73
1130,26,2023-06-19,99,101,24.83
1131,30,2023-06-19,112,40,34.58
1132,32,2023-06-19,73,82,35.81
1133,36,2023-06-19,132,122,10.06
1134,39,2023-06-19,17,134,33.64
1135,40,2023-06-19,84,50,10.03
1136,41,2023-06-19,5,60,53.55
1137,42,2023-06-19,173,223,38.7
1138,43,2023-06-19,124,49,35.14
1139,44,2023-06-19,110,221,50.64
1140,47,2023-06-19,13,56,10.06
1141,49,2023-06-19,147,47,50.97
1142,50,2023-06-19,216,180,22.38
1143,52,2023-06-19,152,53,21.35
1144,54,2023-06-19,77,91,25.05
1145,57,2023-06-19,121,297,35.9
1146,61,2023-06-19,135,44,45.6
1147,63,2023-06-19,76,132,56.35
1148,66,2023-06-19,99,22,47.8
1149,67,2023-06-19,55,235,19.65
1150,70,2023-06-19,189,89,49.76
1151,73,2023-06-19,35,75,37.13
1152,75,2023-06-19,51,90,37.26
1153,80,2023-06-19,218,56,24.07
1154,82,2023-06-19,212,92,41.77
1155,83,2023-06-19,205,48,41.0
1156,84,2023-06-19,165,230,37.6
1157,86,2023-06-19,161,82,166.18
1158,87,2023-06-19,15,239,110.4
1159,88,2023-06-19,11,169,169.86
1160,90,2023-06-19,13,98,124.03
1161,92,2023-06-19,154,154,143.37
1162,93,2023-06-19,140,45,172.91
1163,96,2023-06-19,63,217,144.71
1164,97,2023-06-19,101,61,100.44
1165,99,2023-06-19,165,108,182.25
1166,100,2023-06-19,161,73,141.72
1167,101,2023-06-19,135,30,119.42
1168,102,2023-06-19,174,117,180.26
1169,103,2023-06-19,176,15,121.0
1170,105,2023-06-19,88,102,102.66
1171,107,2023-06-19,120,85,147.91
1172,109,2023-06-19,50,194,185.39
1173,111,2023-06-19,89,68,99.82
1174,115,2023-06-19,103,91,98.71
1175,116,2023-06-19,107,151,121.01
1176,120,2023-06-19,82,154,144.88
1177,122,2023-06-19,7,405,29.37
1178,124,2023-06-19,20,153,42.95
1179,126,2023-06-19,47,255,138.32
1180,127,2023-06-19,132,122,126.37
1181,128,2023-06-19,136,96,35.92
1182,129,2023-06-19,58,86,123.08
1183,130,2023-06-19,66,79,48.24
1184,132,2023-06-19,58,41,139.44
1185,133,2023-06-19,105,534,70.95
1186,134,2023-06-19,152,94,93.77
1187,136,2023-06-19,43,35,124.78
1188,137,2023-06-19,19,131,169.09
1189,138,2023-06-19,6,33,86.85
1190,141,2023-06-19,97,52,113.98
1191,143,2023-06-19,83,76,139.58
1192,144,2023-06-19,58,136,154.45
1193,145,2023-06-19,62,104,32.52
1194,146,2023-06-19,148,140,92.65
1195,148,2023-06-19,145,100,39.31
1196,149,2023-06-19,155,41,72.14
1197,152,2023-06-19,172,77,30.72
1198,153,2023-06-19,90,28,68.78
1199,154,2023-06-19,13,84,38.98
1200,155,2023-06-19,88,192,112.78
1201,156,2023-06-19,45,147,96.58
1202,157,2023-06-19,25,149,47.55
1203,158,2023-06-19,27,118,23.6
1204,161,2023-06-19,86,85,61.78
1205,163,2023-06-19,57,81,66.83
1206,166,2023-06-19,105,276,73.42
1207,168,2023-06-19,134,241,47.01
1208,169,2023-06-19,178,114,28.09
1209,1,2023-06-26,193,81,44.39
1210,4,2023-06-26,85,222,8.56
1211,5,2023-06-26,125,84,37.99
1212,6,2023-06-26,73,104,12.03
1213,7,2023-06-26,18,41,45.66
1214,8,2023-06-26,44,24,13.46
1215,9,2023-06-26,70,55,20.54
1216,10,2023-06-26,95,144,15.45
1217,14,2023-06-26,36,64,32.69
1218,15,2023-06-26,189,122,43.5
1219,16,2023-06-26,137,147,37.2
1220,17,2023-06-26,79,66,8.95
1221,18,2023-06-26,102,12,23.95
1222,21,2023-06-26,206,42,13.11
1223,24,2023-06-26,179,237,32.38
1224,25,2023-06-26,82,88,43.29
1225,27,2023-06-26,12,112,11.69
1226,28,2023-06-26,94,75,45.26
1227,31,2023-06-26,158,137,45.52
1228,35,2023-06-26,177,79,29.83
1229,36,2023-06-26,194,81,9.99
1230,38,2023-06-26,168,61,30.23
1231,39,2023-06-26,81,136,32.81
1232,42,2023-06-26,65,132,39.34
1233,44,2023-06-26,30,151,49.77
1234,45,2023-06-26,155,13,16.64
1235,48,2023-06-26,81,93,14.19
1236,49,2023-06-26,60,135,51.26
1237,50,2023-06-26,204,79,23.01
1238,54,2023-06-26,12,64,25.33
1239,59,2023-06-26,172,79,53.07
1240,61,2023-06-26,30,144,45.96
1241,62,2023-06-26,182,73,46.03
1242,63,2023-06-26,13,112,55.54
1243,64,2023-06-26,114,77,17.88
1244,65,2023-06-26,209,126,50.16
1245,66,2023-06-26,3,81,47.23
1246,67,2023-06-26,170,128,19.47
1247,68,2023-06-26,219,84,24.32
1248,71,2023-06-26,194,41,40.64
1249,74,2023-06-26,36,16,36.95
1250,75,2023-06-26,6,89,38.57
1251,76,2023-06-26,197,49,18.56
1252,77,2023-06-26,69,52,33.48
1253,78,2023-06-26,32,27,52.46
1254,79,2023-06-26,169,97,29.54
1255,81,2023-06-26,126,71,33.82
1256,82,2023-06-26,43,87,41.67
1257,84,2023-06-26,23,187,37.9
1258,87,2023-06-26,186,132,109.84
1259,88,2023-06-26,110,99,164.07
1260,89,2023-06-26,31,13,162.14
1261,91,2023-06-26,32,122,89.86
1262,92,2023-06-26,20,176,141.51
1263,94,2023-06-26,211,70,102.16
1264,95,2023-06-26,152,52,111.4
1265,96,2023-06-26,173,217,141.85
1266,97,2023-06-26,169,122,101.0
1267,101,2023-06-26,53,63,114.38
1268,102,2023-06-26,213,99,178.11
1269,103,2023-06-26,213,45,118.36
1270,107,2023-06-26,53,294,151.04
1271,109,2023-06-26,59,119,191.3
1272,111,2023-06-26,206,95,97.97
1273,112,2023-06-26,68,149,94.7
1274,114,2023-06-26,66,135,44.79
1275,115,2023-06-26,68,270,100.76
1276,118,2023-06-26,140,172,66.88
1277,120,2023-06-26,89,86,147.38
1278,122,2023-06-26,140,252,29.05
1279,123,2023-06-26,137,75,162.35
1280,124,2023-06-26,66,172,42.95
1281,125,2023-06-26,89,17,104.31
1282,126,2023-06-26,5,111,133.41
1283,127,2023-06-26,182,104,124.68
1284,129,2023-06-26,136,128,118.8
1285,130,2023-06-26,122,102,48.01
1286,131,2023-06-26,202,73,34.07
1287,132,2023-06-26,188,86,141.78
1288,133,2023-06-26,122,274,72.36
1289,134,2023-06-26,42,129,95.38
1290,135,2023-06-26,103,18,34.11
1291,137,2023-06-26,31,88,165.1
1292,141,2023-06-26,10,97,108.55
1293,143,2023-06-26,69,88,139.53
1294,144,2023-06-26,215,234,148.14
1295,145,2023-06-26,18,66,31.36
1296,146,2023-06-26,160,40,90.59
1297,147,2023-06-26,125,65,64.47
1298,148,2023-06-26,112,64,39.49
1299,150,2023-06-26,220,122,59.95
1300,151,2023-06-26,78,30,83.97
1301,152,2023-06-26,80,102,30.93
1302,154,2023-06-26,110,120,38.36
1303,155,2023-06-26,213,93,113.82
1304,156,2023-06-26,77,121,99.75
1305,157,2023-06-26,107,208,46.41
1306,158,2023-06-26,3,144,23.75
1307,159,2023-06-26,60,129,107.36
1308,161,2023-06-26,17,115,61.8
1309,163,2023-06-26,10,190,66.68
1310,164,2023-06-26,103,51,33.16
1311,165,2023-06-26,207,84,110.22
1312,166,2023-06-26,10,95,73.39
1313,167,2023-06-26,159,207,62.76
1314,168,2023-06-26,73,207,48.52
1315,3,2023-07-03,16,162,14.74
1316,4,2023-07-03,76,63,8.31
1317,5,2023-07-03,147,86,37.11
1318,7,2023-07-03,215,50,46.16
1319,8,2023-07-03,69,37,13.16
1320,9,2023-07-03,77,69,21.03
1321,10,2023-07-03,75,98,15.55
1322,11,2023-07-03,184,106,28.85
1323,12,2023-07-03,4,44,34.37
1324,13,2023-07-03,144,129,40.9
1325,14,2023-07-03,171,63,32.68
1326,15,2023-07-03,68,396,44.84
1327,16,2023-07-03,216,187,38.7
1328,17,2023-07-03,68,294,8.96
1329,19,2023-07-03,128,92,45.65
1330,23,2023-07-03,95,78,38.68
1331,24,2023-07-03,15,176,32.77
1332,25,2023-07-03,206,71,44.97
1333,26,2023-07-03,150,148,25.98
1334,27,2023-07-03,26,249,11.71
1335,28,2023-07-03,33,81,44.02
1336,30,2023-07-03,195,108,34.75
1337,31,2023-07-03,14,81,46.98
1338,32,2023-07-03,170,72,37.12
1339,33,2023-07-03,211,86,25.66
1340,34,2023-07-03,143,94,45.41
1341,35,2023-07-03,109,93,29.25
1342,36,2023-07-03,164,109,9.65
1343,38,2023-07-03,35,153,28.93
1344,39,2023-07-03,187,83,32.36
1345,42,2023-07-03,155,134,38.75
1346,44,2023-07-03,86,95,51.51
1347,47,2023-07-03,102,77,9.66
1348,49,2023-07-03,116,43,51.73
1349,53,2023-07-03,38,53,38.68
1350,54,2023-07-03,202,129,25.23
1351,55,2023-07-03,181,82,45.27
1352,57,2023-07-03,174,135,34.35
1353,59,2023-07-03,151,285,52.24
1354,60,2023-07-03,60,172,19.11
1355,63,2023-07-03,124,98,55.26
1356,65,2023-07-03,133,93,51.22
1357,67,2023-07-03,211,97,20.46
1358,70,2023-07-03,139,78,51.38
1359,72,2023-07-03,115,122,54.11
1360,79,2023-07-03,148,99,29.32
1361,81,2023-07-03,146,85,32.79
1362,82,2023-07-03,171,112,41.28
1363,84,2023-07-03,184,150,37.92
1364,86,2023-07-03,58,46,162.32
1365,87,2023-07-03,54,86,111.59
1366,88,2023-07-03,183,162,163.4
1367,89,2023-07-03,120,46,159.28
1368,92,2023-07-03,137,55,142.95
1369,93,2023-07-03,60,61,169.55
1370,96,2023-07-03,82,248,140.46
1371,97,2023-07-03,168,82,101.14
1372,98,2023-07-03,191,169,155.28
1373,99,2023-07-03,119,94,182.28
1374,101,2023-07-03,170,30,118.98
1375,102,2023-07-03,164,127,175.99
1376,107,2023-07-03,169,158,152.29
1377,108,2023-07-03,183,73,130.01
1378,109,2023-07-03,85,327,190.09
1379,111,2023-07-03,166,91,99.56
1380,114,2023-07-03,72,45,43.38
1381,116,2023-07-03,102,66,121.49
1382,119,2023-07-03,77,75,60.12
1383,120,2023-07-03,49,52,143.37
1384,121,2023-07-03,160,44,27.09
1385,122,2023-07-03,79,103,29.69
1386,123,2023-07-03,172,73,159.34
1387,126,2023-07-03,56,115,136.37
1388,128,2023-07-03,211,64,35.58
1389,129,2023-07-03,199,268,124.29
1390,133,2023-07-03,38,188,70.89
1391,140,2023-07-03,189,19,150.21
1392,141,2023-07-03,199,153,109.01
1393,143,2023-07-03,150,99,139.27
1394,144,2023-07-03,219,135,152.39
1395,146,2023-07-03,52,183,88.21
1396,148,2023-07-03,162,73,38.84
1397,150,2023-07-03,40,104,60.31
1398,153,2023-07-03,105,126,68.92
1399,156,2023-07-03,24,129,96.56
1400,157,2023-07-03,72,104,47.28
1401,158,2023-07-03,18,106,22.91
1402,159,2023-07-03,52,182,108.08
1403,161,2023-07-03,85,381,60.77
1404,162,2023-07-03,55,102,108.79
1405,163,2023-07-03,107,262,64.42
1406,164,2023-07-03,88,210,33.23
1407,165,2023-07-03,112,65,110.47
1408,167,2023-07-03,49,55,62.11
1409,168,2023-07-03,143,132,47.25
1410,170,2023-07-03,190,106,43.69
1411,1,2023-07-10,160,133,44.36
1412,3,2023-07-10,122,95,14.71
1413,4,2023-07-10,164,61,8.52
1414,8,2023-07-10,67,13,13.13
1415,10,2023-07-10,77,125,15.59
1416,15,2023-07-10,125,117,43.66
1417,16,2023-07-10,220,203,37.28
1418,17,2023-07-10,145,84,8.92
1419,21,2023-07-10,106,94,12.79
1420,22,2023-07-10,58,51,17.0
1421,23,2023-07-10,138,154,39.25
1422,24,2023-07-10,209,201,33.22
1423,25,2023-07-10,200,138,44.49
1424,26,2023-07-10,17,130,25.83
1425,27,2023-07-10,174,129,11.9
1426,28,2023-07-10,185,68,44.49
1427,31,2023-07-10,144,112,45.06
1428,32,2023-07-10,124,55,37.32
1429,33,2023-07-10,157,66,26.4
1430,34,2023-07-10,214,63,44.87
1431,36,2023-07-10,90,92,10.05
1432,38,2023-07-10,15,104,29.21
1433,39,2023-07-10,199,158,33.93
1434,42,2023-07-10,110,151,38.59
1435,43,2023-07-10,123,72,34.37
1436,46,2023-07-10,134,64,38.89
1437,48,2023-07-10,104,147,14.67
1438,49,2023-07-10,92,86,50.17
1439,51,2023-07-10,85,123,41.2
1440,59,2023-07-10,59,51,51.93
1441,60,2023-07-10,124,74,19.67
1442,61,2023-07-10,87,45,46.43
1443,64,2023-07-10,66,109,17.91
1444,65,2023-07-10,170,80,51.05
1445,67,2023-07-10,20,181,20.46
1446,68,2023-07-10,151,279,23.94
1447,70,2023-07-10,152,42,49.01
1448,73,2023-07-10,57,45,37.06
1449,75,2023-07-10,138,109,37.58
1450,76,2023-07-10,19,66,18.86
1451,78,2023-07-10,23,34,55.23
1452,79,2023-07-10,12,71,29.08
1453,81,2023-07-10,49,99,33.17
1454,82,2023-07-10,59,113,41.68
1455,83,2023-07-10,43,15,41.55
1456,84,2023-07-10,129,149,37.72
1457,86,2023-07-10,27,45,162.3
1458,87,2023-07-10,204,80,113.12
1459,88,2023-07-10,109,46,162.32
1460,90,2023-07-10,97,46,124.67
1461,92,2023-07-10,119,72,141.57
1462,94,2023-07-10,66,120,104.95
1463,95,2023-07-10,126,48,110.57
1464,96,2023-07-10,213,95,138.37
1465,97,2023-07-10,61,77,101.84
1466,98,2023-07-10,42,138,159.97
1467,102,2023-07-10,3,190,178.31
1468,103,2023-07-10,40,68,121.1
1469,106,2023-07-10,87,80,175.19
1470,107,2023-07-10,121,333,148.09
1471,108,2023-07-10,19,124,134.64
1472,109,2023-07-10,50,190,188.12
1473,110,2023-07-10,20,106,86.17
1474,111,2023-07-10,120,81,102.08
1475,112,2023-07-10,67,32,91.42
1476,115,2023-07-10,49,86,98.46
1477,116,2023-07-10,36,91,119.57
1478,120,2023-07-10,213,99,148.81
1479,122,2023-07-10,208,150,28.8
1480,126,2023-07-10,90,125,137.64
1481,127,2023-07-10,106,94,127.74
1482,129,2023-07-10,94,160,120.75
1483,130,2023-07-10,26,207,47.86
1484,131,2023-07-10,96,75,33.79
1485,132,2023-07-10,58,56,144.35
1486,133,2023-07-10,103,181,69.86
1487,134,2023-07-10,104,140,93.1
1488,135,2023-07-10,1,79,35.65
1489,137,2023-07-10,124,46,160.52
1490,139,2023-07-10,12,50,68.23
1491,140,2023-07-10,83,20,149.75
1492,141,2023-07-10,194,48,109.57
1493,143,2023-07-10,132,113,142.0
1494,144,2023-07-10,164,88,148.02
1495,145,2023-07-10,182,133,31.19
1496,146,2023-07-10,188,53,89.25
1497,154,2023-07-10,8,173,38.92
1498,156,2023-07-10,27,94,96.19
1499,157,2023-07-10,67,94,46.34
1500,158,2023-07-10,25,109,23.21
1501,159,2023-07-10,44,121,108.33
1502,161,2023-07-10,78,153,59.37
1503,163,2023-07-10,30,244,66.19
1504,165,2023-07-10,10,109,114.47
1505,167,2023-07-10,30,108,60.11
1506,168,2023-07-10,162,165,46.64
1507,169,2023-07-10,91,249,28.09
1508,1,2023-07-17,71,113,45.52
1509,2,2023-07-17,39,40,18.17
1510,3,2023-07-17,138,104,14.82
1511,4,2023-07-17,25,67,8.14
1512,5,2023-07-17,32,99,37.02
1513,6,2023-07-17,59,43,11.58
1514,9,2023-07-17,21,92,20.66
1515,10,2023-07-17,178,140,15.35
1516,11,2023-07-17,8,248,28.69
1517,12,2023-07-17,116,43,35.38
1518,13,2023-07-17,40,235,42.18
1519,14,2023-07-17,83,56,33.25
1520,15,2023-07-17,87,111,44.58
1521,16,2023-07-17,50,205,38.49
1522,19,2023-07-17,184,66,47.21
1523,21,2023-07-17,85,159,12.53
1524,22,2023-07-17,179,352,16.44
1525,23,2023-07-17,64,158,38.89
1526,24,2023-07-17,86,83,32.11
1527,26,2023-07-17,124,140,25.86
1528,27,2023-07-17,68,441,11.87
1529,30,2023-07-17,148,124,34.41
1530,34,2023-07-17,59,73,45.33
1531,39,2023-07-17,97,91,32.57
1532,40,2023-07-17,17,24,10.41
1533,44,2023-07-17,86,147,50.28
1534,46,2023-07-17,6,36,37.83
1535,48,2023-07-17,29,258,14.69
1536,49,2023-07-17,80,176,51.2
1537,50,2023-07-17,135,62,22.89
1538,51,2023-07-17,122,171,41.06
1539,53,2023-07-17,177,93,38.78
1540,55,2023-07-17,120,42,44.08
1541,56,2023-07-17,128,15,9.71
1542,57,2023-07-17,148,153,34.74
1543,59,2023-07-17,61,42,51.73
1544,60,2023-07-17,28,100,19.39
1545,61,2023-07-17,10,115,46.04
1546,62,2023-07-17,33,25,45.93
1547,63,2023-07-17,187,112,55.6
1548,64,2023-07-17,205,136,17.86
1549,65,2023-07-17,115,97,49.72
1550,66,2023-07-17,1,30,47.38
1551,67,2023-07-17,67,104,19.86
1552,68,2023-07-17,16,145,23.37
1553,70,2023-07-17,159,129,50.85
1554,73,2023-07-17,184,50,37.4
1555,75,2023-07-17,198,167,37.27
1556,78,2023-07-17,12,19,54.65
1557,79,2023-07-17,53,228,30.54
1558,80,2023-07-17,82,28,24.02
1559,81,2023-07-17,28,67,33.25
1560,82,2023-07-17,198,252,42.98
1561,84,2023-07-17,68,321,38.58
1562,86,2023-07-17,41,243,166.86
1563,87,2023-07-17,7,246,113.64
1564,88,2023-07-17,159,288,166.96
1565,90,2023-07-17,71,65,122.75
1566,91,2023-07-17,147,90,90.28
1567,92,2023-07-17,186,93,138.0
1568,94,2023-07-17,29,180,101.82
1569,95,2023-07-17,135,57,114.01
1570,96,2023-07-17,62,153,141.96
1571,98,2023-07-17,20,140,162.37
1572,99,2023-07-17,43,88,186.82
1573,101,2023-07-17,28,11,117.58
1574,102,2023-07-17,139,117,174.91
1575,105,2023-07-17,82,90,102.79
1576,106,2023-07-17,125,97,170.84
1577,109,2023-07-17,46,97,192.78
1578,111,2023-07-17,37,99,101.71
1579,113,2023-07-17,92,56,77.51
1580,119,2023-07-17,76,50,59.36
1581,120,2023-07-17,138,158,142.32
1582,122,2023-07-17,128,104,28.98
1583,124,2023-07-17,131,108,41.96
1584,126,2023-07-17,111,86,137.22
1585,127,2023-07-17,201,74,129.14
1586,128,2023-07-17,6,72,35.87
1587,129,2023-07-17,84,142,118.77
1588,131,2023-07-17,205,136,34.82
1589,132,2023-07-17,102,68,143.48
1590,133,2023-07-17,137,120,70.78
1591,137,2023-07-17,173,84,168.03
1592,144,2023-07-17,193,126,155.49
1593,145,2023-07-17,63,117,31.13
1594,146,2023-07-17,167,180,92.73
1595,150,2023-07-17,91,150,60.04
1596,155,2023-07-17,220,140,111.5
1597,156,2023-07-17,217,90,97.36
1598,157,2023-07-17,155,84,48.53
1599,158,2023-07-17,90,149,23.25
1600,159,2023-07-17,118,116,105.7
1601,161,2023-07-17,72,143,61.67
1602,163,2023-07-17,90,99,65.34
1603,164,2023-07-17,2,90,33.06
1604,166,2023-07-17,157,84,76.25
1605,168,2023-07-17,124,84,48.77
1606,169,2023-07-17,84,123,28.92
1607,1,2023-07-24,67,117,45.71
1608,5,2023-07-24,142,61,36.67
1609,10,2023-07-24,216,228,14.95
1610,11,2023-07-24,151,381,28.31
1611,12,2023-07-24,205,81,35.33
1612,13,2023-07-24,58,77,42.14
1613,15,2023-07-24,90,141,44.56
1614,16,2023-07-24,158,110,37.51
1615,17,2023-07-24,142,60,8.71
1616,19,2023-07-24,33,165,45.93
1617,20,2023-07-24,116,94,19.61
1618,23,2023-07-24,59,89,39.49
1619,24,2023-07-24,42,135,32.9
1620,25,2023-07-24,149,113,43.89
1621,26,2023-07-24,121,366,25.26
1622,27,2023-07-24,191,259,11.59
1623,28,2023-07-24,145,48,45.25
1624,30,2023-07-24,137,77,35.81
1625,31,2023-07-24,58,116,47.05
1626,34,2023-07-24,101,42,45.8
1627,38,2023-07-24,208,44,28.82
1628,39,2023-07-24,49,134,32.83
1629,42,2023-07-24,82,176,38.64
1630,44,2023-07-24,158,132,52.0
1631,45,2023-07-24,95,55,17.31
1632,48,2023-07-24,92,48,14.43
1633,49,2023-07-24,46,81,50.29
1634,50,2023-07-24,115,96,22.75
1635,51,2023-07-24,77,75,42.52
1636,52,2023-07-24,84,55,21.77
1637,53,2023-07-24,156,180,39.68
1638,54,2023-07-24,17,64,24.98
1639,57,2023-07-24,27,150,35.32
1640,59,2023-07-24,73,91,51.77
1641,62,2023-07-24,96,30,45.43
1642,63,2023-07-24,23,165,55.99
1643,64,2023-07-24,140,135,18.07
1644,66,2023-07-24,133,44,46.08
1645,67,2023-07-24,82,250,19.6
1646,71,2023-07-24,191,100,38.71
1647,72,2023-07-24,109,136,54.3
1648,73,2023-07-24,56,88,36.33
1649,74,2023-07-24,153,90,37.13
1650,78,2023-07-24,114,39,54.62
1651,81,2023-07-24,163,68,33.71
1652,82,2023-07-24,31,110,43.06
1653,84,2023-07-24,68,315,39.4
1654,86,2023-07-24,76,47,169.45
1655,87,2023-07-24,77,91,112.95
1656,89,2023-07-24,218,15,158.5
1657,91,2023-07-24,215,126,88.78
1658,92,2023-07-24,55,88,138.13
1659,94,2023-07-24,16,118,101.07
1660,95,2023-07-24,176,83,109.59
1661,96,2023-07-24,195,153,139.38
1662,98,2023-07-24,53,297,154.33
1663,99,2023-07-24,6,67,186.74
1664,101,2023-07-24,63,28,114.42
1665,102,2023-07-24,145,130,182.54
1666,105,2023-07-24,149,84,103.25
1667,107,2023-07-24,147,80,148.73
1668,110,2023-07-24,156,81,84.99
1669,112,2023-07-24,74,13,95.13
1670,113,2023-07-24,202,120,76.59
1671,114,2023-07-24,191,77,44.37
1672,115,2023-07-24,178,67,98.23
1673,116,2023-07-24,29,174,118.15
1674,117,2023-07-24,1,171,147.76
1675,118,2023-07-24,9,58,68.82
1676,122,2023-07-24,149,244,29.08
1677,124,2023-07-24,110,167,41.85
1678,126,2023-07-24,178,145,135.24
1679,127,2023-07-24,151,195,125.24
1680,128,2023-07-24,158,74,35.15
1681,131,2023-07-24,51,52,33.84
1682,132,2023-07-24,88,162,139.66
1683,133,2023-07-24,175,142,72.17
1684,134,2023-07-24,152,76,95.13
1685,135,2023-07-24,58,48,34.97
1686,137,2023-07-24,191,140,168.56
1687,141,2023-07-24,180,42,110.74
1688,144,2023-07-24,111,142,148.25
1689,145,2023-07-24,37,56,32.39
1690,147,2023-07-24,36,57,64.65
1691,149,2023-07-24,215,84,75.54
1692,150,2023-07-24,99,78,59.57
1693,153,2023-07-24,29,84,68.25
1694,154,2023-07-24,116,124,40.04
1695,155,2023-07-24,220,120,112.19
1696,157,2023-07-24,114,145,46.63
1697,158,2023-07-24,219,97,23.15
1698,159,2023-07-24,28,128,109.04
1699,161,2023-07-24,156,276,61.95
1700,162,2023-07-24,220,45,108.38
1701,163,2023-07-24,30,246,67.01
1702,166,2023-07-24,23,129,77.1
1703,167,2023-07-24,76,97,62.31
1704,168,2023-07-24,94,225,47.94
1705,169,2023-07-24,156,432,27.78
1706,1,2023-07-31,84,120,46.09
1707,2,2023-07-31,44,15,18.94
1708,4,2023-07-31,216,162,8.21
1709,5,2023-07-31,151,195,37.61
1710,7,2023-07-31,183,30,44.8
1711,9,2023-07-31,82,91,20.42
1712,10,2023-07-31,174,93,15.01
1713,11,2023-07-31,164,133,28.11
1714,13,2023-07-31,36,73,40.52
1715,14,2023-07-31,100,192,33.31
1716,15,2023-07-31,2,132,44.52
1717,16,2023-07-31,214,108,37.54
1718,17,2023-07-31,207,67,8.68
1719,19,2023-07-31,32,120,46.09
1720,20,2023-07-31,107,167,19.01
1721,21,2023-07-31,93,78,12.96
1722,22,2023-07-31,2,67,16.99
1723,23,2023-07-31,175,56,38.74
1724,26,2023-07-31,137,113,25.58
1725,27,2023-07-31,182,210,11.67
1726,29,2023-07-31,113,57,34.52
1727,30,2023-07-31,2,74,35.96
1728,31,2023-07-31,192,150,45.36
1729,33,2023-07-31,164,79,26.73
1730,35,2023-07-31,105,294,30.34
1731,38,2023-07-31,136,60,30.02
1732,39,2023-07-31,64,171,32.43
1733,42,2023-07-31,31,94,38.24
1734,44,2023-07-31,61,106,49.99
1735,46,2023-07-31,130,41,38.97
1736,47,2023-07-31,164,77,10.08
1737,49,2023-07-31,178,75,50.27
1738,50,2023-07-31,134,100,22.54
1739,57,2023-07-31,64,230,35.73
1740,58,2023-07-31,144,28,16.53
1741,59,2023-07-31,183,178,50.99
1742,60,2023-07-31,194,51,19.3
1743,61,2023-07-31,67,84,46.96
1744,62,2023-07-31,124,34,45.36
1745,67,2023-07-31,174,81,19.94
1746,68,2023-07-31,63,135,23.97
1747,72,2023-07-31,183,203,52.62
1748,73,2023-07-31,111,98,36.35
1749,74,2023-07-31,168,40,38.37
1750,75,2023-07-31,179,207,37.43
1751,76,2023-07-31,102,42,18.43
1752,78,2023-07-31,183,48,53.17
1753,81,2023-07-31,41,132,34.18
1754,82,2023-07-31,205,208,42.8
1755,84,2023-07-31,128,130,38.83
1756,87,2023-07-31,154,181,112.56
1757,90,2023-07-31,66,75,120.14
1758,92,2023-07-31,101,74,139.73
1759,93,2023-07-31,34,52,173.43
1760,94,2023-07-31,219,65,105.39
1761,97,2023-07-31,95,56,103.14
1762,98,2023-07-31,80,151,157.79
1763,99,2023-07-31,140,82,182.63
1764,102,2023-07-31,185,129,183.76
1765,103,2023-07-31,19,106,117.57
1766,105,2023-07-31,47,72,100.72
1767,106,2023-07-31,165,163,173.74
1768,108,2023-07-31,103,81,131.05
1769,112,2023-07-31,219,63,93.76
1770,113,2023-07-31,57,53,75.7
1771,114,2023-07-31,168,96,43.77
1772,116,2023-07-31,202,144,120.5
1773,117,2023-07-31,163,75,149.05
1774,119,2023-07-31,108,75,61.43
1775,122,2023-07-31,135,150,29.13
1776,124,2023-07-31,8,75,41.84
1777,125,2023-07-31,118,37,106.62
1778,126,2023-07-31,12,128,137.73
1779,128,2023-07-31,171,67,36.02
1780,129,2023-07-31,82,163,124.44
1781,130,2023-07-31,116,68,49.59
1782,131,2023-07-31,89,73,34.18
1783,132,2023-07-31,176,58,138.16
1784,133,2023-07-31,58,104,73.26
1785,137,2023-07-31,103,76,161.63
1786,139,2023-07-31,153,186,67.91
1787,141,2023-07-31,160,45,113.74
1788,144,2023-07-31,47,255,151.88
1789,147,2023-07-31,173,88,66.8
1790,148,2023-07-31,202,91,39.49
1791,149,2023-07-31,114,68,74.72
1792,150,2023-07-31,149,176,59.68
1793,152,2023-07-31,61,18,30.86
1794,154,2023-07-31,82,213,40.18
1795,155,2023-07-31,67,100,109.89
1796,156,2023-07-31,167,306,96.69
1797,157,2023-07-31,84,115,46.62
1798,158,2023-07-31,184,137,22.67
1799,160,2023-07-31,150,33,103.75
1800,161,2023-07-31,2,87,60.88
1801,163,2023-07-31,24,120,66.21
1802,165,2023-07-31,17,92,112.6
1803,166,2023-07-31,208,77,74.26
1804,167,2023-07-31,135,81,61.67
1805,168,2023-07-31,199,210,47.54
1806,169,2023-07-31,65,107,28.42
1807,4,2023-08-07,23,81,8.16
1808,5,2023-08-07,176,49,36.74
1809,9,2023-08-07,121,165,20.63
1810,11,2023-08-07,98,134,29.02
1811,13,2023-08-07,101,95,42.33
1812,14,2023-08-07,156,282,32.38
1813,15,2023-08-07,22,411,44.26
1814,16,2023-08-07,174,122,37.41
1815,19,2023-08-07,135,60,47.15
1816,20,2023-08-07,44,78,19.66
1817,22,2023-08-07,128,111,16.52
1818,24,2023-08-07,94,73,32.14
1819,27,2023-08-07,159,291,11.64
1820,28,2023-08-07,25,40,43.14
1821,31,2023-08-07,148,203,44.78
1822,32,2023-08-07,66,167,37.2
1823,33,2023-08-07,158,75,26.31
1824,38,2023-08-07,150,97,28.97
1825,39,2023-08-07,125,107,32.44
1826,44,2023-08-07,38,123,49.81
1827,46,2023-08-07,31,51,37.48
1828,47,2023-08-07,106,68,10.08
1829,50,2023-08-07,162,104,23.2
1830,51,2023-08-07,75,65,41.56
1831,53,2023-08-07,91,132,38.91
1832,54,2023-08-07,112,51,24.79
1833,56,2023-08-07,134,106,9.82
1834,57,2023-08-07,21,81,35.5
1835,58,2023-08-07,178,53,16.45
1836,60,2023-08-07,67,64,19.49
1837,62,2023-08-07,195,70,44.44
1838,63,2023-08-07,185,103,55.02
1839,67,2023-08-07,112,127,19.92
1840,69,2023-08-07,60,68,10.41
1841,70,2023-08-07,79,40,49.23
1842,72,2023-08-07,211,147,54.46
1843,73,2023-08-07,56,76,36.89
1844,75,2023-08-07,201,86,38.48
1845,77,2023-08-07,145,43,34.77
1846,79,2023-08-07,167,159,30.52
1847,81,2023-08-07,88,216,34.06
1848,82,2023-08-07,202,261,41.64
1849,83,2023-08-07,61,45,41.14
1850,84,2023-08-07,22,327,38.03
1851,86,2023-08-07,35,154,161.68
1852,87,2023-08-07,3,226,112.32
1853,88,2023-08-07,95,87,170.19
1854,90,2023-08-07,155,48,125.47
1855,91,2023-08-07,89,96,88.53
1856,92,2023-08-07,25,48,140.3
1857,96,2023-08-07,99,125,139.35
1858,98,2023-08-07,23,81,157.95
1859,99,2023-08-07,159,234,187.61
1860,102,2023-08-07,76,115,175.82
1861,108,2023-08-07,55,75,129.97
1862,109,2023-08-07,126,130,193.11
1863,111,2023-08-07,133,67,100.84
1864,114,2023-08-07,169,124,43.01
1865,115,2023-08-07,85,141,98.16
1866,117,2023-08-07,117,180,151.35
1867,119,2023-08-07,49,42,61.75
1868,120,2023-08-07,30,88,146.36
1869,121,2023-08-07,145,34,27.2
1870,124,2023-08-07,113,63,42.94
1871,126,2023-08-07,213,90,134.18
1872,127,2023-08-07,169,154,130.33
1873,128,2023-08-07,173,102,35.41
1874,129,2023-08-07,179,342,120.26
1875,130,2023-08-07,119,55,48.61
1876,132,2023-08-07,124,91,137.91
1877,133,2023-08-07,5,152,73.0
1878,135,2023-08-07,70,31,34.53
1879,136,2023-08-07,193,46,123.73
1880,137,2023-08-07,118,99,161.71
1881,139,2023-08-07,88,153,66.03
1882,144,2023-08-07,197,87,149.77
1883,147,2023-08-07,77,100,64.04
1884,149,2023-08-07,157,45,75.09
1885,153,2023-08-07,76,13,70.9
1886,154,2023-08-07,146,114,40.02
1887,155,2023-08-07,187,68,110.6
1888,156,2023-08-07,124,104,99.7
1889,158,2023-08-07,20,225,22.62
1890,159,2023-08-07,15,130,110.52
1891,160,2023-08-07,135,53,99.69
1892,161,2023-08-07,130,104,59.65
1893,162,2023-08-07,105,180,108.0
1894,163,2023-08-07,17,91,64.32
1895,164,2023-08-07,172,142,32.67
1896,165,2023-08-07,210,78,114.52
1897,166,2023-08-07,80,154,76.86
1898,168,2023-08-07,63,244,46.5
1899,169,2023-08-07,82,252,28.7
1900,3,2023-08-14,213,69,15.14
1901,5,2023-08-14,211,52,36.55
1902,7,2023-08-14,209,135,45.88
1903,8,2023-08-14,190,99,13.57
1904,10,2023-08-14,115,141,14.97
1905,13,2023-08-14,127,90,40.52
1906,15,2023-08-14,105,309,43.47
1907,16,2023-08-14,169,221,37.57
1908,18,2023-08-14,19,45,24.29
1909,19,2023-08-14,1,127,46.54
1910,20,2023-08-14,59,94,19.31
1911,22,2023-08-14,28,115,16.38
1912,24,2023-08-14,120,63,32.96
1913,25,2023-08-14,81,60,45.14
1914,26,2023-08-14,85,381,24.8
1915,27,2023-08-14,46,123,11.77
1916,28,2023-08-14,213,53,43.79
1917,30,2023-08-14,75,41,35.59
1918,31,2023-08-14,32,257,45.07
1919,34,2023-08-14,173,124,44.47
1920,35,2023-08-14,211,70,30.66
1921,38,2023-08-14,159,264,30.28
1922,39,2023-08-14,103,140,33.81
1923,42,2023-08-14,135,91,38.16
1924,44,2023-08-14,24,122,50.15
1925,47,2023-08-14,125,58,9.81
1926,48,2023-08-14,123,120,14.27
1927,50,2023-08-14,135,59,23.23
1928,51,2023-08-14,183,165,42.35
1929,52,2023-08-14,152,31,21.11
1930,53,2023-08-14,117,93,39.55
1931,54,2023-08-14,155,69,24.73
1932,55,2023-08-14,160,24,44.69
1933,57,2023-08-14,93,147,35.09
1934,59,2023-08-14,141,176,52.23
1935,60,2023-08-14,129,58,19.86
1936,62,2023-08-14,23,102,45.55
1937,63,2023-08-14,159,285,54.82
1938,65,2023-08-14,119,57,51.28
1939,67,2023-08-14,143,101,19.96
1940,68,2023-08-14,159,258,24.08
1941,70,2023-08-14,51,99,51.54
1942,72,2023-08-14,24,102,53.77
1943,73,2023-08-14,178,94,36.63
1944,74,2023-08-14,11,84,37.13
1945,77,2023-08-14,14,49,33.37
1946,78,2023-08-14,78,57,54.54
1947,79,2023-08-14,171,94,29.34
1948,81,2023-08-14,43,40,34.16
1949,82,2023-08-14,129,88,41.7
1950,86,2023-08-14,67,51,161.39
1951,87,2023-08-14,177,119,109.58
1952,88,2023-08-14,180,59,166.03
1953,90,2023-08-14,136,93,124.55
1954,93,2023-08-14,205,91,172.73
1955,94,2023-08-14,88,207,101.58
1956,95,2023-08-14,161,88,114.58
1957,96,2023-08-14,193,115,144.01
1958,98,2023-08-14,167,156,160.66
1959,99,2023-08-14,54,41,182.39
1960,100,2023-08-14,177,24,139.6
1961,101,2023-08-14,123,162,116.05
1962,102,2023-08-14,207,136,180.17
1963,103,2023-08-14,63,54,117.39
1964,104,2023-08-14,68,39,119.9
1965,106,2023-08-14,42,73,167.71
1966,107,2023-08-14,159,414,154.19
1967,110,2023-08-14,19,32,85.5
1968,115,2023-08-14,64,100,101.9
1969,118,2023-08-14,217,83,69.75
1970,119,2023-08-14,146,49,60.6
1971,122,2023-08-14,39,142,29.73
1972,123,2023-08-14,197,45,166.49
1973,124,2023-08-14,182,151,42.62
1974,126,2023-08-14,210,89,133.36
1975,128,2023-08-14,167,186,34.79
1976,129,2023-08-14,35,216,121.28
1977,131,2023-08-14,196,87,33.73
1978,132,2023-08-14,164,94,138.28
1979,133,2023-08-14,66,280,72.3
1980,136,2023-08-14,215,19,125.9
1981,137,2023-08-14,77,61,160.61
1982,139,2023-08-14,138,111,66.52
1983,140,2023-08-14,64,73,151.37
1984,141,2023-08-14,138,95,110.67
1985,143,2023-08-14,159,270,136.97
1986,144,2023-08-14,67,131,148.18
1987,146,2023-08-14,178,58,89.2
1988,147,2023-08-14,173,108,64.36
1989,149,2023-08-14,131,64,74.5
1990,150,2023-08-14,113,42,59.5
1991,156,2023-08-14,81,90,99.04
1992,157,2023-08-14,29,351,48.0
1993,158,2023-08-14,175,135,22.95
1994,162,2023-08-14,63,95,108.23
1995,163,2023-08-14,108,143,66.51
1996,165,2023-08-14,134,117,114.47
1997,167,2023-08-14,190,147,62.48
1998,168,2023-08-14,36,104,46.61
1999,169,2023-08-14,35,201,27.95
2000,1,2023-08-21,195,169,44.44
2001,3,2023-08-21,76,57,14.92
2002,4,2023-08-21,187,87,8.33
2003,6,2023-08-21,52,39,11.77
2004,7,2023-08-21,139,35,46.06
2005,8,2023-08-21,104,37,13.31
2006,10,2023-08-21,19,239,14.92
2007,11,2023-08-21,188,135,28.93
2008,14,2023-08-21,78,174,32.67
2009,15,2023-08-21,173,162,43.75
2010,16,2023-08-21,54,111,37.09
2011,19,2023-08-21,218,49,47.15
2012,20,2023-08-21,20,174,19.18
2013,22,2023-08-21,215,93,16.7
2014,24,2023-08-21,33,90,33.07
2015,26,2023-08-21,29,417,25.32
2016,27,2023-08-21,109,94,11.75
2017,28,2023-08-21,8,147,45.27
2018,31,2023-08-21,154,232,46.1
2019,32,2023-08-21,217,60,36.71
2020,33,2023-08-21,119,50,26.35
2021,35,2023-08-21,8,172,29.94
2022,38,2023-08-21,205,158,28.8
2023,39,2023-08-21,110,248,33.31
2024,40,2023-08-21,218,46,10.12
2025,42,2023-08-21,148,250,38.2
2026,44,2023-08-21,14,128,50.43
2027,50,2023-08-21,19,117,22.18
2028,51,2023-08-21,51,57,42.53
2029,57,2023-08-21,103,93,34.32
2030,59,2023-08-21,147,43,52.53
2031,60,2023-08-21,154,117,19.52
2032,61,2023-08-21,113,100,46.97
2033,63,2023-08-21,214,117,56.34
2034,64,2023-08-21,204,98,17.61
2035,65,2023-08-21,93,91,50.08
2036,66,2023-08-21,128,17,46.17
2037,67,2023-08-21,105,288,19.94
2038,68,2023-08-21,100,201,23.45
2039,69,2023-08-21,35,61,10.47
2040,70,2023-08-21,136,78,51.44
2041,72,2023-08-21,128,81,53.66
2042,73,2023-08-21,88,213,36.96
2043,75,2023-08-21,102,67,38.16
2044,77,2023-08-21,51,28,33.42
2045,78,2023-08-21,172,86,52.81
2046,82,2023-08-21,119,139,42.47
2047,84,2023-08-21,133,121,37.86
2048,86,2023-08-21,211,65,164.33
2049,87,2023-08-21,153,264,113.37
2050,90,2023-08-21,70,88,121.86
2051,93,2023-08-21,197,17,170.54
2052,95,2023-08-21,98,54,110.13
2053,96,2023-08-21,73,239,140.16
2054,97,2023-08-21,18,98,101.5
2055,98,2023-08-21,26,288,156.97
2056,99,2023-08-21,188,74,182.08
2057,100,2023-08-21,133,30,139.16
2058,102,2023-08-21,16,253,175.36
2059,104,2023-08-21,215,39,115.84
2060,106,2023-08-21,88,273,169.32
2061,107,2023-08-21,164,97,152.75
2062,108,2023-08-21,10,174,134.23
2063,109,2023-08-21,101,148,191.08
2064,111,2023-08-21,181,109,101.15
2065,112,2023-08-21,120,37,92.8
2066,114,2023-08-21,160,82,43.71
2067,115,2023-08-21,205,172,98.76
2068,118,2023-08-21,201,43,69.24
2069,121,2023-08-21,195,79,27.34
2070,122,2023-08-21,115,122,29.94
2071,123,2023-08-21,121,270,162.45
2072,125,2023-08-21,10,28,102.58
2073,126,2023-08-21,43,135,135.41
2074,129,2023-08-21,62,147,123.46
2075,130,2023-08-21,185,76,49.98
2076,133,2023-08-21,201,198,69.55
2077,134,2023-08-21,8,108,96.64
2078,135,2023-08-21,5,46,34.4
2079,137,2023-08-21,149,106,161.58
2080,141,2023-08-21,96,60,112.44
2081,144,2023-08-21,189,128,148.59
2082,146,2023-08-21,31,55,91.53
2083,147,2023-08-21,190,133,63.87
2084,148,2023-08-21,144,58,40.6
2085,150,2023-08-21,33,111,58.73
2086,154,2023-08-21,179,283,38.32
2087,155,2023-08-21,112,58,109.76
2088,156,2023-08-21,199,237,99.95
2089,157,2023-08-21,132,190,47.24
2090,161,2023-08-21,67,98,61.92
2091,162,2023-08-21,119,16,107.57
2092,163,2023-08-21,8,196,65.63
2093,164,2023-08-21,2,42,33.36
2094,166,2023-08-21,138,142,76.24
2095,168,2023-08-21,47,219,48.63
2096,1,2023-08-28,117,171,45.94
2097,2,2023-08-28,159,36,18.52
2098,3,2023-08-28,204,44,14.87
2099,4,2023-08-28,176,72,8.27
2100,6,2023-08-28,56,55,12.02
2101,8,2023-08-28,67,11,13.17
2102,11,2023-08-28,154,162,28.21
2103,15,2023-08-28,106,107,45.31
2104,16,2023-08-28,134,156,37.28
2105,17,2023-08-28,203,49,8.62
2106,20,2023-08-28,212,53,19.5
2107,21,2023-08-28,96,51,12.59
2108,23,2023-08-28,49,52,39.47
2109,24,2023-08-28,193,70,32.79
2110,26,2023-08-28,104,151,25.23
2111,27,2023-08-28,177,97,12.01
2112,28,2023-08-28,136,40,43.02
2113,29,2023-08-28,159,75,35.2
2114,30,2023-08-28,87,69,35.75
2115,31,2023-08-28,93,137,46.02
2116,34,2023-08-28,110,91,45.14
2117,35,2023-08-28,56,89,30.82
2118,36,2023-08-28,26,194,9.56
2119,39,2023-08-28,41,351,32.65
2120,41,2023-08-28,44,21,52.33
2121,42,2023-08-28,193,82,39.41
2122,44,2023-08-28,138,185,49.97
2123,49,2023-08-28,166,62,50.23
2124,51,2023-08-28,26,297,41.2
2125,53,2023-08-28,178,86,38.91
2126,57,2023-08-28,113,144,34.34
2127,60,2023-08-28,42,75,18.95
2128,61,2023-08-28,73,77,46.05
2129,62,2023-08-28,142,50,46.0
2130,63,2023-08-28,21,114,55.59
2131,65,2023-08-28,5,57,49.39
2132,67,2023-08-28,143,98,19.43
2133,68,2023-08-28,164,53,23.55
2134,70,2023-08-28,46,77,49.29
2135,71,2023-08-28,26,30,39.51
2136,72,2023-08-28,212,99,52.98
2137,73,2023-08-28,197,93,37.35
2138,74,2023-08-28,148,61,37.24
2139,75,2023-08-28,183,180,38.05
2140,76,2023-08-28,219,25,18.21
2141,77,2023-08-28,108,37,34.84
2142,82,2023-08-28,113,119,43.08
2143,84,2023-08-28,193,110,38.17
2144,87,2023-08-28,33,243,108.7
2145,93,2023-08-28,50,18,169.02
2146,94,2023-08-28,142,96,105.39
2147,96,2023-08-28,98,104,140.95
2148,97,2023-08-28,48,40,104.07
2149,98,2023-08-28,57,48,159.76
2150,99,2023-08-28,140,144,183.66
2151,101,2023-08-28,82,21,114.14
2152,102,2023-08-28,108,83,179.35
2153,103,2023-08-28,63,19,116.9
2154,105,2023-08-28,14,37,102.89
2155,107,2023-08-28,113,134,150.2
2156,108,2023-08-28,70,96,136.26
2157,109,2023-08-28,13,108,186.35
2158,110,2023-08-28,93,25,87.88
2159,111,2023-08-28,184,94,98.07
2160,112,2023-08-28,29,178,90.89
2161,113,2023-08-28,2,100,77.74
2162,119,2023-08-28,117,133,61.91
2163,121,2023-08-28,6,47,26.12
2164,122,2023-08-28,208,93,30.04
2165,123,2023-08-28,78,86,160.83
2166,125,2023-08-28,45,45,103.27
2167,126,2023-08-28,60,201,133.83
2168,127,2023-08-28,120,51,129.55
2169,129,2023-08-28,43,143,121.52
2170,131,2023-08-28,122,106,34.3
2171,132,2023-08-28,120,91,141.34
2172,135,2023-08-28,33,106,35.77
2173,138,2023-08-28,40,100,90.17
2174,141,2023-08-28,216,88,110.5
2175,142,2023-08-28,53,66,144.48
2176,143,2023-08-28,16,165,136.43
2177,146,2023-08-28,33,99,90.98
2178,147,2023-08-28,51,81,66.61
2179,151,2023-08-28,199,46,86.78
2180,153,2023-08-28,99,14,68.95
2181,154,2023-08-28,156,184,40.11
2182,155,2023-08-28,203,87,111.77
2183,156,2023-08-28,29,327,97.2
2184,157,2023-08-28,55,261,46.54
2185,158,2023-08-28,58,129,23.24
2186,159,2023-08-28,184,122,105.86
2187,161,2023-08-28,214,150,59.03
2188,163,2023-08-28,86,97,64.2
2189,164,2023-08-28,169,117,33.42
2190,165,2023-08-28,174,75,113.82
2191,166,2023-08-28,20,163,74.98
2192,167,2023-08-28,100,165,62.11
2193,168,2023-08-28,57,98,48.62
2194,169,2023-08-28,5,98,27.85
2195,1,2023-09-04,56,100,45.56
2196,2,2023-09-04,127,46,18.52
2197,3,2023-09-04,185,40,14.99
2198,4,2023-09-04,15,165,8.21
2199,5,2023-09-04,169,79,37.68
2200,6,2023-09-04,141,108,11.58
2201,7,2023-09-04,58,15,46.66
2202,9,2023-09-04,183,88,20.99
2203,10,2023-09-04,56,140,14.98
2204,11,2023-09-04,49,137,27.74
2205,13,2023-09-04,24,82,41.96
2206,15,2023-09-04,160,117,45.15
2207,16,2023-09-04,36,139,37.98
2208,17,2023-09-04,59,53,8.78
2209,20,2023-09-04,137,86,18.96
2210,24,2023-09-04,81,82,32.17
2211,27,2023-09-04,123,438,11.68
2212,28,2023-09-04,78,72,43.29
2213,29,2023-09-04,175,55,34.31
2214,30,2023-09-04,187,62,35.69
2215,31,2023-09-04,10,154,46.64
2216,32,2023-09-04,102,99,35.91
2217,33,2023-09-04,4,89,25.9
2218,35,2023-09-04,44,49,30.76
2219,36,2023-09-04,7,356,9.91
2220,38,2023-09-04,145,72,29.31
2221,39,2023-09-04,104,160,33.79
2222,42,2023-09-04,63,190,39.71
2223,43,2023-09-04,201,16,35.46
2224,44,2023-09-04,211,142,50.0
2225,47,2023-09-04,102,93,9.58
2226,49,2023-09-04,63,72,50.64
2227,50,2023-09-04,159,261,23.12
2228,51,2023-09-04,117,172,41.92
2229,53,2023-09-04,8,122,40.3
2230,54,2023-09-04,21,45,25.73
2231,55,2023-09-04,86,12,44.27
2232,57,2023-09-04,191,194,34.6
2233,59,2023-09-04,17,75,52.59
2234,60,2023-09-04,150,60,19.49
2235,61,2023-09-04,82,135,46.9
2236,63,2023-09-04,60,257,56.74
2237,64,2023-09-04,132,115,18.38
2238,65,2023-09-04,182,120,50.15
2239,67,2023-09-04,211,118,19.71
2240,68,2023-09-04,2,77,23.88
2241,71,2023-09-04,51,11,39.89
2242,72,2023-09-04,39,101,54.98
2243,73,2023-09-04,11,180,36.45
2244,75,2023-09-04,93,50,37.43
2245,76,2023-09-04,163,25,18.82
2246,79,2023-09-04,11,109,29.39
2247,82,2023-09-04,76,104,41.93
2248,84,2023-09-04,102,148,37.77
2249,85,2023-09-04,76,82,23.25
2250,86,2023-09-04,67,88,169.43
2251,88,2023-09-04,163,44,164.04
2252,90,2023-09-04,93,95,125.8
2253,91,2023-09-04,174,90,90.47
2254,92,2023-09-04,175,46,138.22
2255,94,2023-09-04,85,282,102.54
2256,96,2023-09-04,94,241,138.56
2257,98,2023-09-04,117,174,154.53
2258,99,2023-09-04,141,82,183.75
2259,100,2023-09-04,33,48,140.44
2260,102,2023-09-04,69,136,176.87
2261,104,2023-09-04,103,18,119.73
2262,106,2023-09-04,4,90,170.03
2263,107,2023-09-04,166,143,154.36
2264,109,2023-09-04,28,135,186.94
2265,111,2023-09-04,214,57,101.8
2266,113,2023-09-04,190,133,78.56
2267,115,2023-09-04,79,72,98.93
2268,117,2023-09-04,172,156,147.34
2269,119,2023-09-04,176,46,59.9
2270,120,2023-09-04,87,59,145.83
2271,122,2023-09-04,120,101,28.64
2272,123,2023-09-04,182,91,161.58
2273,124,2023-09-04,2,68,41.41
2274,126,2023-09-04,207,126,137.25
2275,129,2023-09-04,63,194,118.97
2276,130,2023-09-04,68,207,48.58
2277,131,2023-09-04,70,42,34.23
2278,132,2023-09-04,184,60,143.16
2279,136,2023-09-04,101,32,125.6
2280,137,2023-09-04,50,120,168.0
2281,139,2023-09-04,113,90,66.86
2282,141,2023-09-04,126,85,108.92
2283,142,2023-09-04,170,39,147.74
2284,144,2023-09-04,111,134,152.81
2285,146,2023-09-04,146,91,88.63
2286,148,2023-09-04,81,71,39.42
2287,150,2023-09-04,213,59,58.07
2288,154,2023-09-04,160,67,39.1
2289,155,2023-09-04,203,66,109.26
2290,156,2023-09-04,2,114,98.07
2291,157,2023-09-04,116,123,46.65
2292,158,2023-09-04,8,207,23.61
2293,159,2023-09-04,115,118,105.54
2294,161,2023-09-04,115,117,59.81
2295,163,2023-09-04,100,411,66.67
2296,165,2023-09-04,37,96,112.03
2297,166,2023-09-04,17,84,76.98
2298,168,2023-09-04,144,94,46.6
2299,169,2023-09-04,100,387,28.14
2300,170,2023-09-04,109,12,43.78
2301,1,2023-09-11,208,145,45.62
2302,4,2023-09-11,182,178,8.32
2303,5,2023-09-11,43,98,37.52
2304,7,2023-09-11,15,55,45.47
2305,9,2023-09-11,214,92,20.88
2306,10,2023-09-11,139,83,15.55
2307,11,2023-09-11,58,118,28.57
2308,15,2023-09-11,31,132,45.13
2309,16,2023-09-11,7,300,38.04
2310,17,2023-09-11,220,138,9.0
2311,19,2023-09-11,139,71,47.73
2312,22,2023-09-11,114,164,16.64
2313,25,2023-09-11,140,172,43.66
2314,26,2023-09-11,184,82,25.31
2315,27,2023-09-11,189,102,11.54
2316,28,2023-09-11,85,234,43.5
2317,31,2023-09-11,180,89,45.85
2318,32,2023-09-11,119,40,36.85
2319,35,2023-09-11,110,77,30.64
2320,39,2023-09-11,41,282,33.05
2321,42,2023-09-11,77,88,39.01
2322,44,2023-09-11,14,118,51.5
2323,47,2023-09-11,39,81,9.78
2324,50,2023-09-11,171,47,22.32
2325,51,2023-09-11,58,73,41.83
2326,54,2023-09-11,165,102,25.39
2327,57,2023-09-11,70,81,34.85
2328,58,2023-09-11,46,33,16.82
2329,59,2023-09-11,84,54,52.07
2330,60,2023-09-11,19,122,19.12
2331,61,2023-09-11,128,88,45.68
2332,63,2023-09-11,183,225,54.86
2333,64,2023-09-11,160,84,18.19
2334,66,2023-09-11,220,97,46.77
2335,68,2023-09-11,181,113,23.43
2336,69,2023-09-11,176,18,10.74
2337,71,2023-09-11,135,47,39.9
2338,72,2023-09-11,112,102,52.93
2339,73,2023-09-11,61,51,35.93
2340,75,2023-09-11,147,76,37.84
2341,78,2023-09-11,207,45,54.92
2342,79,2023-09-11,86,72,29.62
2343,80,2023-09-11,81,10,23.71
2344,81,2023-09-11,107,163,32.7
2345,82,2023-09-11,167,441,41.46
2346,83,2023-09-11,37,35,40.42
2347,86,2023-09-11,94,162,168.57
2348,87,2023-09-11,93,89,111.4
2349,88,2023-09-11,200,108,162.76
2350,90,2023-09-11,67,82,121.86
2351,92,2023-09-11,102,43,137.5
2352,94,2023-09-11,175,46,101.13
2353,96,2023-09-11,173,151,142.37
2354,97,2023-09-11,2,45,101.15
2355,101,2023-09-11,134,106,115.33
2356,102,2023-09-11,138,255,176.53
2357,104,2023-09-11,211,35,118.4
2358,106,2023-09-11,83,43,176.07
2359,107,2023-09-11,23,219,152.44
2360,108,2023-09-11,129,52,134.52
2361,109,2023-09-11,2,119,193.12
2362,113,2023-09-11,181,172,76.96
2363,114,2023-09-11,17,78,44.97
2364,118,2023-09-11,112,45,66.72
2365,120,2023-09-11,33,111,143.77
2366,121,2023-09-11,172,46,27.01
2367,124,2023-09-11,6,58,42.42
2368,125,2023-09-11,9,29,106.9
2369,126,2023-09-11,13,149,136.14
2370,132,2023-09-11,139,74,138.14
2371,137,2023-09-11,87,66,165.8
2372,141,2023-09-11,22,234,111.75
2373,143,2023-09-11,122,142,142.23
2374,144,2023-09-11,105,315,151.0
2375,145,2023-09-11,25,74,31.58
2376,146,2023-09-11,176,55,88.31
2377,147,2023-09-11,41,273,63.62
2378,148,2023-09-11,207,97,40.79
2379,149,2023-09-11,19,48,75.28
2380,151,2023-09-11,131,39,84.83
2381,153,2023-09-11,205,82,70.66
2382,156,2023-09-11,41,240,98.87
2383,157,2023-09-11,210,148,48.25
2384,158,2023-09-11,175,80,22.65
2385,159,2023-09-11,174,53,110.0
2386,161,2023-09-11,5,91,60.92
2387,164,2023-09-11,158,87,32.59
2388,165,2023-09-11,197,61,114.36
2389,166,2023-09-11,56,84,75.53
2390,167,2023-09-11,190,117,59.99
2391,168,2023-09-11,215,250,48.86
2392,169,2023-09-11,159,336,28.95
2393,1,2023-09-18,68,348,45.31
2394,4,2023-09-18,125,62,8.48
2395,5,2023-09-18,160,65,36.6
2396,6,2023-09-18,165,73,11.44
2397,7,2023-09-18,69,36,45.28
2398,8,2023-09-18,74,38,13.46
2399,9,2023-09-18,36,65,20.45
2400,10,2023-09-18,4,89,14.92
2401,11,2023-09-18,138,163,28.17
2402,13,2023-09-18,108,67,40.86
2403,15,2023-09-18,138,226,44.97
2404,16,2023-09-18,197,139,37.33
2405,20,2023-09-18,170,65,19.55
2406,22,2023-09-18,198,162,16.96
2407,23,2023-09-18,108,69,40.11
2408,24,2023-09-18,114,169,32.02
2409,25,2023-09-18,13,81,44.36
2410,26,2023-09-18,50,198,25.63
2411,27,2023-09-18,78,253,11.77
2412,28,2023-09-18,67,58,43.71
2413,30,2023-09-18,64,124,34.83
2414,31,2023-09-18,82,198,46.45
2415,32,2023-09-18,84,81,35.61
2416,34,2023-09-18,63,142,45.63
2417,36,2023-09-18,5,59,9.81
2418,37,2023-09-18,146,15,29.41
2419,39,2023-09-18,29,264,32.38
2420,44,2023-09-18,39,139,50.84
2421,48,2023-09-18,164,53,14.57
2422,49,2023-09-18,130,60,50.5
2423,57,2023-09-18,21,135,34.75
2424,62,2023-09-18,95,38,43.92
2425,63,2023-09-18,118,255,56.58
2426,64,2023-09-18,153,132,17.86
2427,67,2023-09-18,188,106,19.74
2428,68,2023-09-18,166,87,23.37
2429,70,2023-09-18,34,172,49.84
2430,71,2023-09-18,38,31,39.09
2431,72,2023-09-18,130,100,55.08
2432,77,2023-09-18,208,18,33.22
2433,78,2023-09-18,168,28,54.44
2434,79,2023-09-18,160,52,29.67
2435,81,2023-09-18,140,102,33.44
2436,82,2023-09-18,66,205,43.25
2437,84,2023-09-18,58,136,37.62
2438,86,2023-09-18,184,64,163.93
2439,87,2023-09-18,124,137,110.3
2440,90,2023-09-18,85,186,122.99
2441,91,2023-09-18,145,40,90.83
2442,92,2023-09-18,28,91,139.93
2443,93,2023-09-18,81,32,176.89
2444,94,2023-09-18,204,56,105.54
2445,96,2023-09-18,186,147,138.49
2446,97,2023-09-18,21,93,102.66
2447,98,2023-09-18,129,55,160.8
2448,99,2023-09-18,19,176,181.97
2449,102,2023-09-18,6,115,179.93
2450,106,2023-09-18,116,57,168.28
2451,107,2023-09-18,21,114,151.42
2452,108,2023-09-18,132,160,136.33
2453,109,2023-09-18,99,81,191.04
2454,111,2023-09-18,190,135,97.64
2455,112,2023-09-18,15,62,95.03
2456,113,2023-09-18,141,131,77.78
2457,114,2023-09-18,135,95,43.05
2458,116,2023-09-18,157,70,119.84
2459,117,2023-09-18,185,47,151.86
2460,118,2023-09-18,2,83,68.4
2461,120,2023-09-18,219,81,147.49
2462,122,2023-09-18,10,194,29.64
2463,123,2023-09-18,118,135,159.61
2464,124,2023-09-18,49,70,42.71
2465,125,2023-09-18,96,54,105.04
2466,126,2023-09-18,153,273,137.87
2467,127,2023-09-18,128,45,129.4
2468,128,2023-09-18,135,92,35.09
2469,130,2023-09-18,82,99,49.28
2470,131,2023-09-18,72,79,35.0
2471,135,2023-09-18,193,37,34.04
2472,137,2023-09-18,192,77,164.19
2473,141,2023-09-18,152,87,111.67
2474,142,2023-09-18,160,48,147.64
2475,143,2023-09-18,95,85,139.57
2476,144,2023-09-18,74,136,155.67
2477,145,2023-09-18,175,65,32.15
2478,147,2023-09-18,45,41,65.44
2479,148,2023-09-18,170,46,40.57
2480,150,2023-09-18,1,163,60.41
2481,152,2023-09-18,98,17,30.28
2482,153,2023-09-18,102,45,68.53
2483,154,2023-09-18,132,170,39.25
2484,155,2023-09-18,142,85,110.95
2485,156,2023-09-18,66,262,96.75
2486,157,2023-09-18,49,81,48.14
2487,158,2023-09-18,21,107,23.42
2488,161,2023-09-18,118,194,59.77
2489,163,2023-09-18,208,89,66.93
2490,164,2023-09-18,101,84,34.08
2491,165,2023-09-18,192,94,110.52
2492,167,2023-09-18,189,78,62.7
2493,168,2023-09-18,50,246,47.08
2494,169,2023-09-18,115,114,28.14
2495,170,2023-09-18,94,50,44.65
2496,3,2023-09-25,213,79,14.92
2497,4,2023-09-25,100,141,8.34
2498,9,2023-09-25,130,93,20.76
2499,10,2023-09-25,164,109,15.56
2500,11,2023-09-25,110,158,28.34
2501,12,2023-09-25,95,34,34.45
2502,13,2023-09-25,83,126,40.94
2503,14,2023-09-25,205,111,32.76
2504,15,2023-09-25,145,94,43.36
2505,16,2023-09-25,173,181,38.22
2506,18,2023-09-25,118,28,24.81
2507,19,2023-09-25,93,96,47.06
2508,20,2023-09-25,159,174,19.47
2509,21,2023-09-25,104,133,13.13
2510,24,2023-09-25,169,156,32.82
2511,26,2023-09-25,164,137,26.03
2512,27,2023-09-25,105,267,11.99
2513,31,2023-09-25,78,268,46.46
2514,32,2023-09-25,155,75,36.76
2515,34,2023-09-25,176,60,44.67
2516,35,2023-09-25,150,79,29.34
2517,37,2023-09-25,16,52,29.38
2518,39,2023-09-25,154,158,33.62
2519,41,2023-09-25,189,58,52.99
2520,42,2023-09-25,97,91,39.68
2521,43,2023-09-25,91,135,34.56
2522,44,2023-09-25,117,190,51.82
2523,46,2023-09-25,68,57,38.5
2524,47,2023-09-25,111,88,10.04
2525,49,2023-09-25,90,83,50.54
2526,51,2023-09-25,137,73,41.29
2527,52,2023-09-25,139,54,21.08
2528,53,2023-09-25,89,81,38.48
2529,54,2023-09-25,207,63,25.83
2530,56,2023-09-25,178,14,9.73
2531,57,2023-09-25,196,81,34.48
2532,59,2023-09-25,16,106,51.67
2533,60,2023-09-25,73,167,19.11
2534,61,2023-09-25,90,44,45.12
2535,62,2023-09-25,214,21,44.7
2536,66,2023-09-25,207,60,45.51
2537,67,2023-09-25,70,112,19.45
2538,68,2023-09-25,70,65,23.4
2539,69,2023-09-25,68,81,10.77
2540,71,2023-09-25,24,34,40.49
2541,72,2023-09-25,99,106,54.04
2542,73,2023-09-25,164,81,37.77
2543,74,2023-09-25,110,41,37.31
2544,75,2023-09-25,130,83,37.46
2545,79,2023-09-25,155,57,29.43
2546,82,2023-09-25,204,150,43.13
2547,83,2023-09-25,169,106,41.91
2548,84,2023-09-25,210,122,39.08
2549,86,2023-09-25,182,144,164.75
2550,87,2023-09-25,109,140,110.74
2551,88,2023-09-25,117,113,169.71
2552,90,2023-09-25,181,95,120.75
2553,91,2023-09-25,107,160,89.07
2554,94,2023-09-25,197,46,105.16
2555,98,2023-09-25,107,135,159.62
2556,99,2023-09-25,50,162,183.17
2557,100,2023-09-25,23,90,139.2
2558,102,2023-09-25,73,165,180.98
2559,103,2023-09-25,200,45,116.47
2560,104,2023-09-25,1,97,121.2
2561,107,2023-09-25,95,97,148.64
2562,108,2023-09-25,129,58,134.89
2563,109,2023-09-25,70,103,192.81
2564,110,2023-09-25,131,90,85.07
2565,112,2023-09-25,159,155,91.75
2566,113,2023-09-25,43,92,79.73
2567,114,2023-09-25,88,243,44.01
2568,115,2023-09-25,181,118,100.62
2569,116,2023-09-25,11,95,116.65
2570,117,2023-09-25,10,90,146.91
2571,118,2023-09-25,17,55,69.35
2572,119,2023-09-25,53,162,60.89
2573,120,2023-09-25,118,167,145.4
2574,122,2023-09-25,38,113,29.84
2575,123,2023-09-25,156,159,158.97
2576,124,2023-09-25,30,104,42.54
2577,126,2023-09-25,180,84,137.37
2578,129,2023-09-25,92,85,119.76
2579,130,2023-09-25,74,99,50.17
2580,131,2023-09-25,207,52,34.42
2581,134,2023-09-25,31,46,93.28
2582,141,2023-09-25,32,178,109.94
2583,143,2023-09-25,39,60,141.54
2584,144,2023-09-25,211,135,151.01
2585,145,2023-09-25,43,52,31.07
2586,146,2023-09-25,166,59,88.74
2587,147,2023-09-25,40,104,64.76
2588,149,2023-09-25,187,31,75.68
2589,150,2023-09-25,147,44,58.6
2590,154,2023-09-25,118,212,40.21
2591,157,2023-09-25,148,167,47.3
2592,158,2023-09-25,217,131,22.95
2593,159,2023-09-25,198,112,107.57
2594,162,2023-09-25,120,52,105.62
2595,163,2023-09-25,121,384,66.61
2596,165,2023-09-25,178,91,112.28
2597,166,2023-09-25,29,249,75.18
2598,167,2023-09-25,214,40,62.19
2599,168,2023-09-25,71,100,46.95
2600,169,2023-09-25,142,116,28.82
2601,1,2023-10-02,18,118,45.82
2602,6,2023-10-02,123,90,12.01
2603,11,2023-10-02,106,85,27.58
2604,13,2023-10-02,143,73,40.35
2605,14,2023-10-02,33,158,33.92
2606,15,2023-10-02,122,252,45.06
2607,16,2023-10-02,218,150,38.44
2608,17,2023-10-02,147,54,8.84
2609,19,2023-10-02,57,54,46.99
2610,21,2023-10-02,68,255,13.03
2611,22,2023-10-02,140,189,16.93
2612,23,2023-10-02,8,138,39.18
2613,26,2023-10-02,74,86,25.4
2614,27,2023-10-02,25,134,11.66
2615,28,2023-10-02,162,99,43.99
2616,31,2023-10-02,19,158,45.04
2617,32,2023-10-02,175,41,36.76
2618,34,2023-10-02,64,106,45.16
2619,35,2023-10-02,104,72,30.42
2620,36,2023-10-02,17,63,9.79
2621,39,2023-10-02,125,121,33.81
2622,42,2023-10-02,106,115,39.82
2623,43,2023-10-02,131,93,34.59
2624,44,2023-10-02,69,90,51.14
2625,45,2023-10-02,190,48,16.81
2626,47,2023-10-02,75,50,9.87
2627,48,2023-10-02,83,41,14.65
2628,49,2023-10-02,165,99,51.78
2629,50,2023-10-02,61,93,23.15
2630,51,2023-10-02,75,53,41.93
2631,53,2023-10-02,25,51,38.59
2632,54,2023-10-02,205,99,25.35
2633,55,2023-10-02,64,23,44.96
2634,56,2023-10-02,146,37,9.84
2635,57,2023-10-02,160,115,34.96
2636,60,2023-10-02,80,72,19.0
2637,63,2023-10-02,126,122,56.57
2638,67,2023-10-02,121,270,20.45
2639,68,2023-10-02,204,61,24.06
2640,69,2023-10-02,60,25,10.6
2641,70,2023-10-02,177,81,50.72
2642,71,2023-10-02,37,49,40.12
2643,72,2023-10-02,168,150,54.2
2644,73,2023-10-02,72,67,36.29
2645,75,2023-10-02,122,171,38.39
2646,78,2023-10-02,108,22,53.74
2647,79,2023-10-02,55,176,30.41
2648,80,2023-10-02,147,14,24.41
2649,81,2023-10-02,42,169,34.25
2650,82,2023-10-02,92,148,43.07
2651,84,2023-10-02,41,369,37.6
2652,87,2023-10-02,192,134,113.46
2653,92,2023-10-02,168,93,141.84
2654,94,2023-10-02,126,77,104.31
2655,95,2023-10-02,138,73,109.01
2656,97,2023-10-02,56,64,99.51
2657,98,2023-10-02,193,95,161.35
2658,99,2023-10-02,137,51,187.15
2659,102,2023-10-02,162,169,182.94
2660,103,2023-10-02,199,108,119.1
2661,106,2023-10-02,47,154,170.68
2662,107,2023-10-02,13,117,149.33
2663,108,2023-10-02,70,73,134.82
2664,109,2023-10-02,85,297,188.46
2665,111,2023-10-02,98,68,101.19
2666,113,2023-10-02,69,52,79.27
2667,116,2023-10-02,170,58,121.14
2668,117,2023-10-02,96,95,149.36
2669,118,2023-10-02,153,228,67.19
2670,119,2023-10-02,44,74,61.61
2671,120,2023-10-02,122,169,148.14
2672,121,2023-10-02,160,48,27.36
2673,122,2023-10-02,113,86,29.46
2674,124,2023-10-02,1,113,41.0
2675,126,2023-10-02,19,264,135.14
2676,127,2023-10-02,18,100,126.07
2677,128,2023-10-02,36,43,34.97
2678,129,2023-10-02,141,261,119.34
2679,130,2023-10-02,202,82,48.39
2680,131,2023-10-02,6,72,33.58
2681,132,2023-10-02,56,99,140.6
2682,134,2023-10-02,18,75,93.66
2683,135,2023-10-02,78,93,34.83
2684,136,2023-10-02,170,15,125.34
2685,137,2023-10-02,204,67,167.73
2686,142,2023-10-02,155,44,148.68
2687,143,2023-10-02,72,62,139.86
2688,146,2023-10-02,70,58,88.61
2689,147,2023-10-02,37,84,65.91
2690,155,2023-10-02,31,60,109.22
2691,156,2023-10-02,54,146,100.0
2692,157,2023-10-02,4,149,47.56
2693,158,2023-10-02,3,252,23.37
2694,159,2023-10-02,62,134,109.8
2695,161,2023-10-02,208,144,61.02
2696,162,2023-10-02,3,39,107.51
2697,163,2023-10-02,124,89,64.12
2698,164,2023-10-02,16,104,32.97
2699,166,2023-10-02,183,126,76.96
2700,167,2023-10-02,158,77,62.15
2701,168,2023-10-02,128,131,46.6
2702,169,2023-10-02,126,128,28.69
2703,3,2023-10-09,84,89,14.62
2704,9,2023-10-09,22,141,20.87
2705,10,2023-10-09,55,158,15.21
2706,11,2023-10-09,95,84,28.54
2707,14,2023-10-09,154,104,33.16
2708,15,2023-10-09,204,103,44.67
2709,16,2023-10-09,216,232,38.95
2710,19,2023-10-09,151,159,47.05
2711,20,2023-10-09,70,66,18.96
2712,23,2023-10-09,17,48,39.48
2713,24,2023-10-09,25,82,31.75
2714,26,2023-10-09,95,83,25.81
2715,27,2023-10-09,19,169,11.96
2716,30,2023-10-09,73,115,35.86
2717,31,2023-10-09,27,87,45.98
2718,32,2023-10-09,57,55,36.97
2719,34,2023-10-09,94,75,45.19
2720,35,2023-10-09,64,79,30.23
2721,36,2023-10-09,68,346,9.78
2722,39,2023-10-09,186,90,33.24
2723,42,2023-10-09,68,240,37.93
2724,43,2023-10-09,96,15,35.17
2725,44,2023-10-09,92,81,51.35
2726,49,2023-10-09,34,111,51.24
2727,51,2023-10-09,42,127,42.28
2728,53,2023-10-09,154,133,38.42
2729,56,2023-10-09,188,47,9.87
2730,57,2023-10-09,66,261,35.13
2731,59,2023-10-09,1,91,51.83
2732,61,2023-10-09,207,46,46.27
2733,63,2023-10-09,87,128,56.79
2734,64,2023-10-09,38,87,18.32
2735,65,2023-10-09,170,58,49.82
2736,67,2023-10-09,100,291,20.35
2737,68,2023-10-09,57,45,24.3
2738,69,2023-10-09,161,66,10.72
2739,70,2023-10-09,84,78,50.35
2740,72,2023-10-09,50,154,54.08
2741,74,2023-10-09,172,90,38.31
2742,75,2023-10-09,8,102,37.89
2743,76,2023-10-09,101,32,18.77
2744,80,2023-10-09,113,22,24.65
2745,82,2023-10-09,126,137,43.5
2746,84,2023-10-09,134,163,38.31
2747,87,2023-10-09,95,128,110.49
2748,88,2023-10-09,36,100,164.06
2749,90,2023-10-09,73,118,124.26
2750,91,2023-10-09,101,72,91.5
2751,92,2023-10-09,75,81,143.64
2752,94,2023-10-09,14,59,105.14
2753,95,2023-10-09,218,70,114.31
2754,96,2023-10-09,80,180,143.3
2755,97,2023-10-09,121,177,104.09
2756,98,2023-10-09,133,95,156.69
2757,99,2023-10-09,116,86,184.2
2758,100,2023-10-09,81,10,142.92
2759,101,2023-10-09,203,58,116.56
2760,102,2023-10-09,138,255,176.95
2761,104,2023-10-09,26,30,117.94
2762,105,2023-10-09,65,32,103.07
2763,108,2023-10-09,47,95,135.77
2764,109,2023-10-09,141,196,187.16
2765,113,2023-10-09,115,62,76.25
2766,114,2023-10-09,147,83,42.95
2767,115,2023-10-09,150,63,98.86
2768,116,2023-10-09,15,81,121.03
2769,117,2023-10-09,48,80,146.63
2770,118,2023-10-09,138,178,69.32
2771,120,2023-10-09,54,66,144.5
2772,121,2023-10-09,69,38,27.26
2773,122,2023-10-09,77,140,29.68
2774,123,2023-10-09,219,46,160.4
2775,126,2023-10-09,187,134,133.0
2776,128,2023-10-09,19,180,34.9
2777,129,2023-10-09,50,219,124.0
2778,134,2023-10-09,11,162,94.43
2779,136,2023-10-09,107,23,125.18
2780,139,2023-10-09,160,56,67.42
2781,141,2023-10-09,126,61,111.94
2782,143,2023-10-09,163,81,137.5
2783,144,2023-10-09,202,151,151.84
2784,145,2023-10-09,57,46,32.6
2785,146,2023-10-09,91,234,92.03
2786,148,2023-10-09,30,167,40.35
2787,149,2023-10-09,60,73,72.29
2788,150,2023-10-09,139,65,58.93
2789,154,2023-10-09,30,184,38.72
2790,155,2023-10-09,63,108,108.28
2791,156,2023-10-09,212,128,97.86
2792,157,2023-10-09,147,107,48.42
2793,158,2023-10-09,174,120,22.64
2794,159,2023-10-09,78,96,109.17
2795,160,2023-10-09,71,32,99.98
2796,161,2023-10-09,108,144,61.58
2797,162,2023-10-09,136,38,105.55
2798,163,2023-10-09,75,128,64.15
2799,165,2023-10-09,90,90,113.93
2800,168,2023-10-09,45,133,48.14
2801,169,2023-10-09,199,199,28.65
2802,1,2023-10-16,65,103,44.27
2803,3,2023-10-16,106,98,14.73
2804,4,2023-10-16,140,162,8.19
2805,5,2023-10-16,56,40,38.04
2806,7,2023-10-16,121,87,45.99
2807,9,2023-10-16,213,47,20.14
2808,10,2023-10-16,216,169,15.2
2809,11,2023-10-16,54,134,27.74
2810,14,2023-10-16,207,71,33.6
2811,15,2023-10-16,126,85,44.9
2812,16,2023-10-16,166,118,37.44
2813,17,2023-10-16,56,86,8.64
2814,18,2023-10-16,51,59,24.43
2815,19,2023-10-16,184,54,45.86
2816,20,2023-10-16,169,100,18.97
2817,21,2023-10-16,208,76,13.1
2818,22,2023-10-16,7,271,16.6
2819,24,2023-10-16,149,154,32.59
2820,25,2023-10-16,167,300,43.22
2821,27,2023-10-16,115,108,11.45
2822,28,2023-10-16,194,83,43.35
2823,30,2023-10-16,175,41,35.56
2824,31,2023-10-16,111,141,46.73
2825,32,2023-10-16,28,58,36.18
2826,33,2023-10-16,124,48,26.17
2827,35,2023-10-16,34,156,30.82
2828,36,2023-10-16,136,51,9.69
2829,39,2023-10-16,180,125,32.51
2830,42,2023-10-16,16,192,38.58
2831,44,2023-10-16,39,106,50.87
2832,47,2023-10-16,68,252,9.6
2833,48,2023-10-16,24,73,14.2
2834,49,2023-10-16,154,77,52.17
2835,50,2023-10-16,184,89,23.25
2836,54,2023-10-16,139,53,25.58
2837,57,2023-10-16,110,158,35.85
2838,61,2023-10-16,113,74,45.97
2839,63,2023-10-16,97,120,56.39
2840,65,2023-10-16,148,140,51.01
2841,67,2023-10-16,199,214,19.57
2842,68,2023-10-16,167,258,24.0
2843,70,2023-10-16,32,174,50.08
2844,72,2023-10-16,14,140,53.77
2845,78,2023-10-16,181,100,54.37
2846,79,2023-10-16,6,86,29.18
2847,81,2023-10-16,85,150,32.81
2848,82,2023-10-16,160,83,41.29
2849,84,2023-10-16,183,163,38.86
2850,87,2023-10-16,20,257,113.64
2851,88,2023-10-16,132,108,168.96
2852,92,2023-10-16,168,44,139.65
2853,94,2023-10-16,207,42,102.53
2854,96,2023-10-16,102,102,140.1
2855,97,2023-10-16,66,136,102.01
2856,99,2023-10-16,55,106,183.16
2857,100,2023-10-16,117,95,139.17
2858,105,2023-10-16,188,49,103.54
2859,106,2023-10-16,83,58,170.77
2860,107,2023-10-16,194,97,149.86
2861,108,2023-10-16,60,167,136.23
2862,109,2023-10-16,167,438,188.01
2863,111,2023-10-16,183,99,99.13
2864,112,2023-10-16,173,108,91.54
2865,113,2023-10-16,146,75,76.77
2866,114,2023-10-16,88,300,44.41
2867,116,2023-10-16,113,67,118.87
2868,117,2023-10-16,8,82,152.92
2869,118,2023-10-16,113,67,68.84
2870,119,2023-10-16,114,81,61.93
2871,122,2023-10-16,145,135,28.62
2872,124,2023-10-16,84,64,41.28
2873,126,2023-10-16,124,135,133.6
2874,127,2023-10-16,101,81,127.41
2875,129,2023-10-16,190,203,118.57
2876,130,2023-10-16,195,133,47.91
2877,131,2023-10-16,106,94,34.37
2878,132,2023-10-16,164,71,143.48
2879,134,2023-10-16,109,90,95.49
2880,137,2023-10-16,9,52,166.8
2881,138,2023-10-16,191,106,89.42
2882,139,2023-10-16,78,109,65.85
2883,144,2023-10-16,121,399,149.69
2884,145,2023-10-16,176,58,31.86
2885,147,2023-10-16,55,82,64.23
2886,148,2023-10-16,25,83,39.73
2887,150,2023-10-16,186,95,58.09
2888,155,2023-10-16,163,71,111.86
2889,157,2023-10-16,87,122,47.33
2890,158,2023-10-16,104,201,23.17
2891,159,2023-10-16,72,90,110.21
2892,160,2023-10-16,150,32,99.76
2893,161,2023-10-16,78,216,59.12
2894,162,2023-10-16,118,108,109.19
2895,163,2023-10-16,55,228,64.47
2896,164,2023-10-16,144,56,33.51
2897,165,2023-10-16,92,55,115.0
2898,166,2023-10-16,6,66,76.67
2899,167,2023-10-16,26,207,60.07
2900,168,2023-10-16,161,214,48.58
2901,169,2023-10-16,138,259,29.01
2902,1,2023-10-23,120,107,45.04
2903,3,2023-10-23,181,178,14.92
2904,5,2023-10-23,169,118,37.38
2905,6,2023-10-23,67,49,11.66
2906,10,2023-10-23,86,80,15.27
2907,11,2023-10-23,104,147,28.47
2908,12,2023-10-23,37,19,34.3
2909,13,2023-10-23,133,82,40.72
2910,14,2023-10-23,214,93,32.89
2911,15,2023-10-23,1,212,43.77
2912,16,2023-10-23,209,348,37.42
2913,17,2023-10-23,154,162,9.08
2914,19,2023-10-23,151,198,46.53
2915,21,2023-10-23,70,44,12.72
2916,23,2023-10-23,149,160,38.49
2917,26,2023-10-23,19,217,25.79
2918,30,2023-10-23,83,47,34.75
2919,31,2023-10-23,46,92,46.03
2920,33,2023-10-23,168,74,25.68
2921,35,2023-10-23,162,176,30.15
2922,38,2023-10-23,89,44,29.23
2923,39,2023-10-23,109,117,32.48
2924,40,2023-10-23,20,57,10.19
2925,42,2023-10-23,49,137,39.61
2926,44,2023-10-23,196,118,50.82
2927,45,2023-10-23,140,66,17.34
2928,47,2023-10-23,116,78,9.74
2929,51,2023-10-23,32,156,40.86
2930,54,2023-10-23,180,87,25.65
2931,57,2023-10-23,166,101,36.08
2932,60,2023-10-23,69,40,19.54
2933,62,2023-10-23,196,41,43.79
2934,63,2023-10-23,209,294,55.47
2935,64,2023-10-23,61,75,17.69
2936,66,2023-10-23,24,32,46.24
2937,67,2023-10-23,175,82,19.45
2938,68,2023-10-23,84,58,23.57
2939,70,2023-10-23,148,100,49.07
2940,72,2023-10-23,113,144,52.98
2941,73,2023-10-23,190,115,37.48
2942,75,2023-10-23,149,129,37.94
2943,81,2023-10-23,124,95,33.38
2944,82,2023-10-23,6,137,41.75
2945,83,2023-10-23,110,55,41.64
2946,84,2023-10-23,127,121,38.15
2947,85,2023-10-23,25,80,23.47
2948,86,2023-10-23,46,75,169.48
2949,87,2023-10-23,141,192,112.65
2950,88,2023-10-23,112,86,169.19
2951,90,2023-10-23,165,160,124.41
2952,91,2023-10-23,64,174,92.52
2953,92,2023-10-23,2,97,142.93
2954,93,2023-10-23,21,23,172.71
2955,94,2023-10-23,183,109,103.09
2956,95,2023-10-23,173,127,110.62
2957,96,2023-10-23,124,108,142.68
2958,97,2023-10-23,155,70,102.16
2959,98,2023-10-23,143,70,159.04
2960,106,2023-10-23,177,56,170.52
2961,107,2023-10-23,56,125,152.6
2962,108,2023-10-23,7,234,135.8
2963,109,2023-10-23,86,106,185.88
2964,110,2023-10-23,142,60,86.12
2965,111,2023-10-23,61,49,100.41
2966,114,2023-10-23,112,66,43.71
2967,116,2023-10-23,73,75,121.73
2968,118,2023-10-23,175,54,68.04
2969,120,2023-10-23,108,57,145.8
2970,123,2023-10-23,67,65,158.6
2971,124,2023-10-23,132,95,42.21
2972,126,2023-10-23,55,223,137.01
2973,127,2023-10-23,155,42,130.69
2974,129,2023-10-23,215,192,121.02
2975,130,2023-10-23,105,225,48.06
2976,132,2023-10-23,174,81,136.99
2977,135,2023-10-23,33,55,35.06
2978,139,2023-10-23,183,90,69.13
2979,141,2023-10-23,200,99,109.84
2980,143,2023-10-23,142,97,138.07
2981,144,2023-10-23,187,106,152.27
2982,145,2023-10-23,81,46,32.61
2983,146,2023-10-23,16,167,90.49
2984,147,2023-10-23,149,151,64.28
2985,148,2023-10-23,25,69,39.02
2986,149,2023-10-23,101,51,74.9
2987,150,2023-10-23,115,56,59.72
2988,154,2023-10-23,171,112,40.13
2989,156,2023-10-23,163,110,96.8
2990,157,2023-10-23,210,124,47.12
2991,158,2023-10-23,115,132,23.36
2992,159,2023-10-23,130,67,106.98
2993,161,2023-10-23,212,136,61.07
2994,162,2023-10-23,150,54,109.05
2995,163,2023-10-23,125,85,64.93
2996,164,2023-10-23,170,42,32.53
2997,166,2023-10-23,18,94,76.98
2998,168,2023-10-23,63,255,48.88
2999,169,2023-10-23,35,165,28.65
3000,170,2023-10-23,185,59,43.78
3001,4,2023-10-30,196,78,8.2
3002,5,2023-10-30,96,53,36.76
3003,7,2023-10-30,203,14,46.73
3004,9,2023-10-30,82,97,20.4
3005,10,2023-10-30,20,237,15.64
3006,11,2023-10-30,3,147,28.53
3007,13,2023-10-30,55,204,40.24
3008,14,2023-10-30,209,282,33.02
3009,15,2023-10-30,26,420,43.67
3010,16,2023-10-30,29,438,37.26
3011,18,2023-10-30,62,36,24.36
3012,19,2023-10-30,211,64,47.29
3013,21,2023-10-30,137,91,12.78
3014,22,2023-10-30,53,296,16.73
3015,26,2023-10-30,194,123,24.95
3016,27,2023-10-30,49,123,11.85
3017,30,2023-10-30,43,97,34.83
3018,31,2023-10-30,108,101,45.18
3019,33,2023-10-30,170,68,25.44
3020,35,2023-10-30,5,58,30.81
3021,36,2023-10-30,68,284,9.75
3022,37,2023-10-30,208,33,30.3
3023,38,2023-10-30,71,66,28.83
3024,39,2023-10-30,129,146,32.51
3025,40,2023-10-30,76,46,10.23
3026,42,2023-10-30,44,134,38.6
3027,44,2023-10-30,159,246,49.81
3028,46,2023-10-30,57,24,38.76
3029,47,2023-10-30,163,83,9.85
3030,49,2023-10-30,120,65,50.61
3031,50,2023-10-30,174,99,23.04
3032,52,2023-10-30,13,10,21.38
3033,55,2023-10-30,156,72,43.84
3034,56,2023-10-30,30,52,9.64
3035,57,2023-10-30,44,110,35.19
3036,60,2023-10-30,25,96,19.79
3037,63,2023-10-30,98,141,55.1
3038,64,2023-10-30,212,78,17.53
3039,65,2023-10-30,214,41,50.15
3040,67,2023-10-30,171,128,19.7
3041,68,2023-10-30,139,88,23.5
3042,69,2023-10-30,198,81,10.71
3043,71,2023-10-30,135,13,39.39
3044,72,2023-10-30,94,248,54.8
3045,74,2023-10-30,184,24,38.13
3046,75,2023-10-30,215,122,38.89
3047,76,2023-10-30,124,31,18.81
3048,77,2023-10-30,191,84,34.43
3049,79,2023-10-30,127,64,29.29
3050,81,2023-10-30,129,100,33.95
3051,82,2023-10-30,206,95,42.15
3052,83,2023-10-30,182,59,40.53
3053,84,2023-10-30,95,138,38.12
3054,85,2023-10-30,5,70,23.5
3055,87,2023-10-30,84,81,113.79
3056,89,2023-10-30,206,43,157.15
3057,91,2023-10-30,93,68,91.06
3058,92,2023-10-30,203,66,141.66
3059,94,2023-10-30,68,270,105.84
3060,96,2023-10-30,179,67,145.25
3061,97,2023-10-30,104,90,99.02
3062,99,2023-10-30,10,102,188.45
3063,101,2023-10-30,105,165,117.58
3064,102,2023-10-30,171,104,177.46
3065,103,2023-10-30,108,29,118.68
3066,105,2023-10-30,148,46,100.9
3067,106,2023-10-30,5,100,169.61
3068,108,2023-10-30,121,120,134.72
3069,109,2023-10-30,202,172,190.88
3070,111,2023-10-30,84,68,97.85
3071,112,2023-10-30,39,24,90.44
3072,114,2023-10-30,95,75,44.9
3073,115,2023-10-30,202,147,97.86
3074,116,2023-10-30,23,127,117.58
3075,117,2023-10-30,63,106,150.58
3076,119,2023-10-30,89,59,61.81
3077,120,2023-10-30,139,72,141.91
3078,122,2023-10-30,75,90,29.63
3079,123,2023-10-30,161,72,160.74
3080,124,2023-10-30,69,44,42.29
3081,126,2023-10-30,9,133,136.85
3082,128,2023-10-30,94,100,35.93
3083,129,2023-10-30,131,253,122.83
3084,130,2023-10-30,163,91,48.9
3085,131,2023-10-30,174,97,34.37
3086,132,2023-10-30,113,67,139.47
3087,134,2023-10-30,39,49,94.23
3088,139,2023-10-30,65,70,67.1
3089,140,2023-10-30,152,12,149.19
3090,143,2023-10-30,146,94,139.57
3091,144,2023-10-30,179,279,155.26
3092,145,2023-10-30,96,91,32.36
3093,146,2023-10-30,9,45,92.49
3094,148,2023-10-30,134,169,40.72
3095,150,2023-10-30,43,50,59.16
3096,151,2023-10-30,204,54,86.35
3097,153,2023-10-30,132,72,68.41
3098,156,2023-10-30,161,181,97.46
3099,157,2023-10-30,82,235,48.46
3100,158,2023-10-30,16,153,23.52
3101,159,2023-10-30,128,121,107.95
3102,161,2023-10-30,152,116,60.47
3103,162,2023-10-30,166,18,108.94
3104,163,2023-10-30,74,97,66.83
3105,165,2023-10-30,179,264,115.66
3106,166,2023-10-30,54,83,77.0
3107,167,2023-10-30,135,69,62.81
3108,168,2023-10-30,7,366,48.72
3109,169,2023-10-30,68,438,27.85
3110,1,2023-11-06,108,119,46.08
3111,3,2023-11-06,202,149,15.15
3112,4,2023-11-06,79,62,8.22
3113,6,2023-11-06,21,59,11.88
3114,7,2023-11-06,28,46,45.57
3115,8,2023-11-06,134,64,13.14
3116,9,2023-11-06,140,127,20.4
3117,10,2023-11-06,109,86,14.97
3118,11,2023-11-06,190,176,28.2
3119,13,2023-11-06,175,68,40.79
3120,15,2023-11-06,63,185,44.54
3121,16,2023-11-06,218,108,37.28
3122,18,2023-11-06,78,55,24.0
3123,19,2023-11-06,55,120,46.07
3124,20,2023-11-06,163,56,18.84
3125,21,2023-11-06,24,50,12.7
3126,22,2023-11-06,140,93,16.15
3127,24,2023-11-06,117,169,32.69
3128,25,2023-11-06,132,102,45.16
3129,26,2023-11-06,162,160,25.79
3130,27,2023-11-06,18,96,12.0
3131,28,2023-11-06,149,79,45.06
3132,29,2023-11-06,110,102,35.14
3133,31,2023-11-06,138,219,45.57
3134,33,2023-11-06,65,54,26.77
3135,35,2023-11-06,23,156,30.3
3136,36,2023-11-06,121,306,9.63
3137,38,2023-11-06,136,60,29.72
3138,39,2023-11-06,182,259,33.38
3139,40,2023-11-06,183,25,10.03
3140,42,2023-11-06,121,279,39.28
3141,43,2023-11-06,219,56,34.9
3142,44,2023-11-06,171,148,51.49
3143,47,2023-11-06,154,111,10.04
3144,49,2023-11-06,175,82,52.2
3145,50,2023-11-06,17,50,22.18
3146,51,2023-11-06,35,153,42.31
3147,53,2023-11-06,9,69,39.35
3148,55,2023-11-06,191,79,45.54
3149,57,2023-11-06,125,127,35.43
3150,59,2023-11-06,188,70,51.6
3151,60,2023-11-06,145,66,19.64
3152,61,2023-11-06,24,45,45.95
3153,63,2023-11-06,216,212,54.25
3154,64,2023-11-06,7,204,18.14
3155,67,2023-11-06,106,140,19.45
3156,68,2023-11-06,54,64,23.99
3157,69,2023-11-06,208,36,10.66
3158,70,2023-11-06,47,82,51.5
3159,71,2023-11-06,28,28,40.8
3160,72,2023-11-06,11,151,54.3
3161,75,2023-11-06,164,73,37.28
3162,78,2023-11-06,127,13,53.09
3163,81,2023-11-06,159,171,34.23
3164,82,2023-11-06,219,114,42.66
3165,83,2023-11-06,165,57,40.13
3166,84,2023-11-06,19,246,37.53
3167,85,2023-11-06,122,25,23.66
3168,87,2023-11-06,15,185,113.22
3169,90,2023-11-06,57,44,125.46
3170,91,2023-11-06,120,48,90.66
3171,92,2023-11-06,182,138,137.88
3172,95,2023-11-06,75,59,113.71
3173,97,2023-11-06,171,75,99.77
3174,98,2023-11-06,129,95,157.09
3175,100,2023-11-06,166,44,140.8
3176,102,2023-11-06,168,111,175.2
3177,106,2023-11-06,164,79,175.98
3178,107,2023-11-06,181,176,152.19
3179,108,2023-11-06,68,159,131.22
3180,109,2023-11-06,56,105,194.77
3181,113,2023-11-06,1,144,76.92
3182,114,2023-11-06,120,72,44.54
3183,115,2023-11-06,214,97,99.44
3184,116,2023-11-06,152,41,120.8
3185,117,2023-11-06,41,180,149.64
3186,118,2023-11-06,198,126,69.22
3187,120,2023-11-06,195,100,141.33
3188,122,2023-11-06,88,390,28.64
3189,124,2023-11-06,186,93,42.51
3190,126,2023-11-06,105,255,133.01
3191,127,2023-11-06,167,126,126.88
3192,129,2023-11-06,126,100,118.25
3193,131,2023-11-06,119,78,34.32
3194,132,2023-11-06,173,124,142.99
3195,135,2023-11-06,210,39,35.69
3196,137,2023-11-06,92,98,167.64
3197,139,2023-11-06,185,96,68.82
3198,141,2023-11-06,155,45,110.2
3199,142,2023-11-06,130,38,148.84
3200,144,2023-11-06,151,300,154.2
3201,146,2023-11-06,22,294,89.64
3202,147,2023-11-06,176,77,66.94
3203,150,2023-11-06,130,55,59.93
3204,151,2023-11-06,72,19,87.26
3205,154,2023-11-06,202,195,39.12
3206,155,2023-11-06,106,45,109.86
3207,157,2023-11-06,4,129,47.13
3208,158,2023-11-06,137,92,23.15
3209,160,2023-11-06,66,55,103.7
3210,161,2023-11-06,193,113,58.98
3211,163,2023-11-06,94,226,65.71
3212,164,2023-11-06,33,147,33.63
3213,166,2023-11-06,28,49,74.55
3214,167,2023-11-06,25,51,62.01
3215,168,2023-11-06,30,169,48.56
3216,169,2023-11-06,89,133,28.37
3217,1,2023-11-13,102,90,44.08
3218,3,2023-11-13,164,52,15.17
3219,7,2023-11-13,115,23,45.81
3220,10,2023-11-13,69,120,14.97
3221,11,2023-11-13,8,264,28.15
3222,13,2023-11-13,99,79,40.53
3223,14,2023-11-13,104,158,33.04
3224,15,2023-11-13,120,88,43.37
3225,16,2023-11-13,94,194,38.41
3226,19,2023-11-13,106,98,46.48
3227,21,2023-11-13,86,95,13.09
3228,22,2023-11-13,118,135,16.35
3229,23,2023-11-13,190,144,39.1
3230,24,2023-11-13,98,96,31.98
3231,25,2023-11-13,139,41,44.27
3232,26,2023-11-13,28,122,25.74
3233,27,2023-11-13,27,101,11.52
3234,30,2023-11-13,83,55,36.0
3235,31,2023-11-13,87,130,45.49
3236,33,2023-11-13,205,108,26.07
3237,35,2023-11-13,211,52,30.59
3238,36,2023-11-13,41,232,9.79
3239,37,2023-11-13,172,25,30.74
3240,39,2023-11-13,190,225,32.51
3241,41,2023-11-13,15,41,52.95
3242,42,2023-11-13,71,84,38.96
3243,44,2023-11-13,52,435,51.88
3244,46,2023-11-13,94,39,38.79
3245,48,2023-11-13,4,49,14.01
3246,49,2023-11-13,204,41,50.82
3247,54,2023-11-13,8,111,24.57
3248,55,2023-11-13,130,15,44.92
3249,56,2023-11-13,81,55,9.75
3250,57,2023-11-13,41,318,34.54
3251,61,2023-11-13,91,240,47.07
3252,67,2023-11-13,2,119,19.7
3253,68,2023-11-13,49,56,23.79
3254,69,2023-11-13,122,70,10.45
3255,70,2023-11-13,48,75,50.27
3256,72,2023-11-13,128,101,52.68
3257,75,2023-11-13,66,118,37.33
3258,76,2023-11-13,108,55,18.62
3259,82,2023-11-13,146,119,42.94
3260,84,2023-11-13,75,91,39.18
3261,87,2023-11-13,192,102,109.99
3262,88,2023-11-13,100,165,168.64
3263,89,2023-11-13,200,75,157.86
3264,95,2023-11-13,152,96,112.31
3265,97,2023-11-13,32,122,99.32
3266,99,2023-11-13,143,54,184.86
3267,101,2023-11-13,7,159,117.19
3268,105,2023-11-13,166,21,103.18
3269,106,2023-11-13,53,192,169.76
3270,107,2023-11-13,101,89,147.75
3271,108,2023-11-13,29,213,134.64
3272,109,2023-11-13,42,253,189.97
3273,116,2023-11-13,51,95,119.44
3274,117,2023-11-13,174,89,151.53
3275,119,2023-11-13,125,40,61.34
3276,122,2023-11-13,56,112,29.82
3277,124,2023-11-13,146,87,41.46
3278,126,2023-11-13,113,93,133.06
3279,127,2023-11-13,153,294,126.37
3280,132,2023-11-13,99,94,143.83
3281,143,2023-11-13,170,40,140.15
3282,144,2023-11-13,125,65,148.06
3283,145,2023-11-13,42,118,32.61
3284,146,2023-11-13,45,89,91.82
3285,148,2023-11-13,136,60,40.25
3286,149,2023-11-13,115,17,74.23
3287,153,2023-11-13,160,47,68.97
3288,155,2023-11-13,38,42,109.39
3289,156,2023-11-13,118,135,99.13
3290,157,2023-11-13,109,94,48.54
3291,158,2023-11-13,3,176,23.62
3292,160,2023-11-13,103,19,102.21
3293,161,2023-11-13,152,126,59.72
3294,163,2023-11-13,177,123,64.37
3295,164,2023-11-13,135,40,33.98
3296,165,2023-11-13,89,81,113.28
3297,167,2023-11-13,107,73,61.15
3298,169,2023-11-13,55,147,27.62
3299,1,2023-11-20,201,138,44.13
3300,3,2023-11-20,110,77,14.76
3301,5,2023-11-20,38,98,37.39
3302,9,2023-11-20,50,176,20.18
3303,10,2023-11-20,81,108,15.61
3304,14,2023-11-20,139,89,33.15
3305,15,2023-11-20,50,244,43.48
3306,16,2023-11-20,13,100,39.02
3307,17,2023-11-20,27,50,9.03
3308,19,2023-11-20,205,108,46.35
3309,21,2023-11-20,114,145,12.77
3310,23,2023-11-20,203,51,39.49
3311,25,2023-11-20,117,122,43.93
3312,26,2023-11-20,188,138,24.82
3313,27,2023-11-20,74,145,11.76
3314,28,2023-11-20,219,73,44.81
3315,31,2023-11-20,212,136,44.88
3316,32,2023-11-20,174,67,36.62
3317,33,2023-11-20,173,93,25.94
3318,34,2023-11-20,36,95,44.73
3319,39,2023-11-20,44,131,34.05
3320,42,2023-11-20,173,144,38.77
3321,43,2023-11-20,51,33,35.27
3322,44,2023-11-20,185,116,52.35
3323,46,2023-11-20,121,162,37.5
3324,47,2023-11-20,159,132,10.04
3325,48,2023-11-20,157,70,13.99
3326,49,2023-11-20,126,63,51.67
3327,57,2023-11-20,194,109,35.69
3328,58,2023-11-20,113,58,16.59
3329,59,2023-11-20,150,58,52.69
3330,60,2023-11-20,161,104,18.96
3331,61,2023-11-20,167,156,46.97
3332,63,2023-11-20,164,137,56.36
3333,64,2023-11-20,45,73,18.22
3334,66,2023-11-20,220,77,45.62
3335,67,2023-11-20,145,84,19.96
3336,68,2023-11-20,112,87,23.57
3337,70,2023-11-20,138,91,49.35
3338,71,2023-11-20,26,141,40.16
3339,72,2023-11-20,23,262,55.14
3340,73,2023-11-20,139,83,37.07
3341,74,2023-11-20,181,25,36.88
3342,76,2023-11-20,5,54,18.8
3343,77,2023-11-20,114,34,33.4
3344,82,2023-11-20,50,270,43.44
3345,84,2023-11-20,4,149,38.12
3346,87,2023-11-20,197,103,109.44
3347,90,2023-11-20,121,201,123.96
3348,91,2023-11-20,201,81,92.85
3349,92,2023-11-20,194,57,142.92
3350,93,2023-11-20,67,25,175.33
3351,97,2023-11-20,141,140,102.3
3352,99,2023-11-20,35,174,181.77
3353,100,2023-11-20,108,43,139.25
3354,103,2023-11-20,106,35,121.1
3355,104,2023-11-20,111,39,118.54
3356,105,2023-11-20,65,24,101.78
3357,106,2023-11-20,189,55,176.01
3358,107,2023-11-20,76,142,149.98
3359,108,2023-11-20,36,95,135.0
3360,109,2023-11-20,205,160,190.75
3361,111,2023-11-20,129,97,99.47
3362,113,2023-11-20,131,111,75.97
3363,114,2023-11-20,83,50,43.48
3364,116,2023-11-20,136,74,121.25
3365,117,2023-11-20,134,115,147.4
3366,119,2023-11-20,74,58,59.5
3367,122,2023-11-20,62,248,28.83
3368,123,2023-11-20,166,41,162.68
3369,127,2023-11-20,201,89,129.13
3370,128,2023-11-20,208,86,35.15
3371,130,2023-11-20,4,57,48.64
3372,132,2023-11-20,162,144,140.55
3373,134,2023-11-20,41,201,97.21
3374,136,2023-11-20,145,12,126.05
3375,137,2023-11-20,123,210,162.45
3376,138,2023-11-20,193,18,91.18
3377,139,2023-11-20,74,85,67.03
3378,143,2023-11-20,51,69,138.91
3379,147,2023-11-20,198,171,64.36
3380,149,2023-11-20,85,144,73.92
3381,151,2023-11-20,83,57,85.88
3382,152,2023-11-20,143,54,30.07
3383,154,2023-11-20,115,130,39.52
3384,155,2023-11-20,120,93,108.43
3385,157,2023-11-20,25,121,46.78
3386,158,2023-11-20,217,145,23.2
3387,159,2023-11-20,155,82,108.83
3388,161,2023-11-20,100,447,61.55
3389,163,2023-11-20,194,131,65.33
3390,164,2023-11-20,166,69,33.0
3391,165,2023-11-20,131,142,111.95
3392,166,2023-11-20,160,76,73.34
3393,168,2023-11-20,30,232,47.62
3394,169,2023-11-20,88,378,28.87
3395,1,2023-11-27,161,216,44.42
3396,4,2023-11-27,33,158,8.53
3397,5,2023-11-27,163,85,37.27
3398,6,2023-11-27,15,54,11.93
3399,10,2023-11-27,104,156,15.01
3400,11,2023-11-27,126,101,27.55
3401,12,2023-11-27,94,84,34.44
3402,13,2023-11-27,83,122,40.38
3403,14,2023-11-27,62,75,32.91
3404,15,2023-11-27,207,87,44.76
3405,16,2023-11-27,55,174,37.74
3406,17,2023-11-27,57,45,8.71
3407,20,2023-11-27,190,93,19.35
3408,21,2023-11-27,212,67,12.64
3409,23,2023-11-27,93,89,39.09
3410,24,2023-11-27,133,42,32.56
3411,26,2023-11-27,165,268,25.61
3412,27,2023-11-27,54,126,11.84
3413,28,2023-11-27,97,42,43.4
3414,30,2023-11-27,187,46,35.99
3415,31,2023-11-27,37,142,46.92
3416,33,2023-11-27,216,174,26.52
3417,34,2023-11-27,35,75,44.96
3418,35,2023-11-27,107,90,29.67
3419,36,2023-11-27,212,93,10.02
3420,38,2023-11-27,55,127,29.33
3421,39,2023-11-27,164,138,33.66
3422,40,2023-11-27,213,35,10.54
3423,41,2023-11-27,209,42,54.03
3424,42,2023-11-27,191,216,39.78
3425,44,2023-11-27,185,128,50.79
3426,47,2023-11-27,47,117,10.07
3427,48,2023-11-27,54,84,14.53
3428,49,2023-11-27,212,92,52.49
3429,50,2023-11-27,109,81,22.38
3430,51,2023-11-27,148,169,42.79
3431,52,2023-11-27,66,50,21.46
3432,53,2023-11-27,4,55,40.13
3433,54,2023-11-27,50,88,25.46
3434,56,2023-11-27,182,30,10.05
3435,57,2023-11-27,103,119,35.1
3436,60,2023-11-27,9,52,18.89
3437,61,2023-11-27,135,66,46.1
3438,63,2023-11-27,45,114,54.49
3439,64,2023-11-27,79,46,18.0
3440,65,2023-11-27,130,42,48.96
3441,67,2023-11-27,56,90,20.18
3442,68,2023-11-27,180,84,23.92
3443,72,2023-11-27,119,82,53.48
3444,73,2023-11-27,109,56,36.65
3445,75,2023-11-27,7,213,37.49
3446,76,2023-11-27,118,95,18.91
3447,78,2023-11-27,26,33,52.71
3448,80,2023-11-27,164,59,24.67
3449,82,2023-11-27,169,244,43.06
3450,84,2023-11-27,8,217,39.52
3451,85,2023-11-27,30,58,24.33
3452,86,2023-11-27,113,74,168.6
3453,87,2023-11-27,110,147,111.67
3454,89,2023-11-27,210,12,164.77
3455,90,2023-11-27,40,147,121.91
3456,91,2023-11-27,169,111,90.38
3457,95,2023-11-27,4,48,114.7
3458,99,2023-11-27,125,68,187.1
3459,100,2023-11-27,181,37,141.4
3460,102,2023-11-27,15,261,174.9
3461,106,2023-11-27,15,180,175.07
3462,107,2023-11-27,126,118,149.09
3463,109,2023-11-27,73,216,191.71
3464,113,2023-11-27,142,53,77.2
3465,115,2023-11-27,36,45,101.43
3466,120,2023-11-27,175,66,143.28
3467,121,2023-11-27,217,51,26.41
3468,122,2023-11-27,130,138,29.85
3469,124,2023-11-27,148,176,42.98
3470,126,2023-11-27,215,210,134.56
3471,128,2023-11-27,48,49,34.61
3472,132,2023-11-27,22,195,141.54
3473,141,2023-11-27,151,120,108.29
3474,145,2023-11-27,182,160,32.55
3475,147,2023-11-27,17,54,65.52
3476,148,2023-11-27,74,72,40.2
3477,150,2023-11-27,181,171,58.63
3478,154,2023-11-27,76,74,39.24
3479,155,2023-11-27,21,71,109.39
3480,157,2023-11-27,188,96,48.66
3481,158,2023-11-27,170,108,23.4
3482,159,2023-11-27,123,231,105.32
3483,160,2023-11-27,85,174,102.85
3484,161,2023-11-27,219,128,60.02
3485,163,2023-11-27,92,127,65.3
3486,165,2023-11-27,78,163,112.22
3487,166,2023-11-27,67,66,75.2
3488,167,2023-11-27,152,56,62.11
3489,168,2023-11-27,98,146,47.75
3490,169,2023-11-27,18,123,27.88
3491,1,2023-12-04,134,154,44.42
3492,2,2023-12-04,116,12,18.22
3493,3,2023-12-04,219,88,14.68
3494,5,2023-12-04,6,48,36.83
3495,9,2023-12-04,9,66,21.03
3496,10,2023-12-04,154,232,15.12
3497,11,2023-12-04,98,98,28.23
3498,12,2023-12-04,71,37,35.06
3499,14,2023-12-04,93,67,32.75
3500,16,2023-12-04,203,84,38.93
3501,19,2023-12-04,184,50,47.72
3502,20,2023-12-04,10,160,18.78
3503,21,2023-12-04,179,201,12.83
3504,22,2023-12-04,82,223,16.56
3505,23,2023-12-04,186,95,38.56
3506,25,2023-12-04,86,86,43.68
3507,26,2023-12-04,152,128,25.46
3508,27,2023-12-04,180,136,11.56
3509,28,2023-12-04,4,79,43.42
3510,30,2023-12-04,162,113,34.71
3511,31,2023-12-04,72,145,46.5
3512,32,2023-12-04,199,147,37.38
3513,33,2023-12-04,62,115,25.9
3514,34,2023-12-04,64,162,44.79
3515,36,2023-12-04,121,304,9.56
3516,37,2023-12-04,187,17,29.84
3517,39,2023-12-04,193,99,33.69
3518,42,2023-12-04,22,345,39.39
3519,44,2023-12-04,209,399,51.51
3520,45,2023-12-04,211,45,17.19
3521,47,2023-12-04,96,59,9.92
3522,48,2023-12-04,28,74,14.53
3523,51,2023-12-04,26,192,42.05
3524,53,2023-12-04,216,138,38.87
3525,56,2023-12-04,75,49,10.03
3526,57,2023-12-04,169,198,34.82
3527,58,2023-12-04,88,150,16.68
3528,59,2023-12-04,83,56,53.29
3529,61,2023-12-04,4,92,46.37
3530,63,2023-12-04,129,117,55.83
3531,64,2023-12-04,197,70,17.86
3532,65,2023-12-04,183,84,49.16
3533,66,2023-12-04,173,55,47.15
3534,67,2023-12-04,20,270,20.1
3535,68,2023-12-04,40,75,23.64
3536,69,2023-12-04,180,23,10.69
3537,70,2023-12-04,136,40,49.8
3538,71,2023-12-04,208,11,39.11
3539,73,2023-12-04,152,44,37.58
3540,74,2023-12-04,28,44,37.41
3541,75,2023-12-04,57,91,37.47
3542,82,2023-12-04,50,144,42.61
3543,84,2023-12-04,29,378,38.74
3544,85,2023-12-04,23,113,23.53
3545,86,2023-12-04,114,86,161.46
3546,87,2023-12-04,200,192,111.28
3547,88,2023-12-04,110,111,166.35
3548,89,2023-12-04,52,48,164.58
3549,90,2023-12-04,101,87,125.9
3550,92,2023-12-04,46,44,138.52
3551,93,2023-12-04,30,66,176.95
3552,95,2023-12-04,82,160,110.13
3553,98,2023-12-04,47,160,154.52
3554,99,2023-12-04,146,54,186.15
3555,102,2023-12-04,176,129,182.55
3556,104,2023-12-04,80,27,120.26
3557,107,2023-12-04,181,145,154.44
3558,108,2023-12-04,34,151,131.18
3559,109,2023-12-04,142,150,187.92
3560,110,2023-12-04,144,32,87.27
3561,111,2023-12-04,196,42,99.02
3562,113,2023-12-04,15,144,77.64
3563,114,2023-12-04,9,57,43.37
3564,116,2023-12-04,87,98,120.25
3565,117,2023-12-04,30,104,152.97
3566,118,2023-12-04,126,52,68.38
3567,119,2023-12-04,128,80,61.53
3568,120,2023-12-04,41,219,148.72
3569,121,2023-12-04,169,61,26.18
3570,122,2023-12-04,173,232,29.18
3571,123,2023-12-04,175,59,165.72
3572,126,2023-12-04,205,228,137.15
3573,127,2023-12-04,213,50,130.57
3574,130,2023-12-04,72,57,48.48
3575,131,2023-12-04,135,93,34.49
3576,132,2023-12-04,28,68,139.5
3577,134,2023-12-04,94,144,94.54
3578,146,2023-12-04,151,285,90.61
3579,151,2023-12-04,71,19,84.1
3580,154,2023-12-04,168,99,38.96
3581,157,2023-12-04,161,243,47.48
3582,158,2023-12-04,42,208,23.1
3583,159,2023-12-04,41,39,109.59
3584,160,2023-12-04,86,50,99.38
3585,161,2023-12-04,64,217,60.7
3586,162,2023-12-04,86,25,107.9
3587,164,2023-12-04,22,210,33.29
3588,165,2023-12-04,216,127,112.51
3589,166,2023-12-04,95,48,73.53
3590,168,2023-12-04,67,126,47.5
3591,169,2023-12-04,44,84,27.91
3592,170,2023-12-04,3,43,44.61
3593,1,2023-12-11,166,116,46.31
3594,3,2023-12-11,202,95,14.59
3595,4,2023-12-11,108,94,8.53
3596,5,2023-12-11,199,178,36.36
3597,7,2023-12-11,213,29,45.41
3598,8,2023-12-11,178,54,13.37
3599,9,2023-12-11,200,131,20.61
3600,10,2023-12-11,74,96,15.27
3601,11,2023-12-11,153,414,27.73
3602,13,2023-12-11,86,66,41.5
3603,15,2023-12-11,134,210,45.06
3604,16,2023-12-11,201,147,37.71
3605,17,2023-12-11,9,94,8.71
3606,20,2023-12-11,55,153,18.77
3607,21,2023-12-11,58,90,12.87
3608,23,2023-12-11,113,74,39.63
3609,25,2023-12-11,129,53,44.64
3610,26,2023-12-11,11,243,25.91
3611,27,2023-12-11,152,130,12.03
3612,28,2023-12-11,53,156,45.29
3613,29,2023-12-11,32,100,33.65
3614,31,2023-12-11,52,372,44.99
3615,32,2023-12-11,45,87,36.48
3616,33,2023-12-11,82,106,26.51
3617,34,2023-12-11,178,100,46.13
3618,35,2023-12-11,156,297,30.52
3619,37,2023-12-11,90,49,30.67
3620,38,2023-12-11,105,282,29.29
3621,39,2023-12-11,212,142,33.17
3622,41,2023-12-11,32,25,53.3
3623,42,2023-12-11,13,89,39.75
3624,43,2023-12-11,42,52,34.28
3625,44,2023-12-11,176,81,50.03
3626,45,2023-12-11,54,12,16.76
3627,46,2023-12-11,90,10,38.17
3628,47,2023-12-11,6,79,9.6
3629,49,2023-12-11,110,178,52.38
3630,50,2023-12-11,32,73,22.58
3631,51,2023-12-11,105,162,41.83
3632,53,2023-12-11,171,68,38.62
3633,54,2023-12-11,133,88,24.84
3634,58,2023-12-11,161,72,16.32
3635,59,2023-12-11,205,142,51.84
3636,60,2023-12-11,33,149,19.71
3637,61,2023-12-11,181,127,45.1
3638,63,2023-12-11,182,270,56.32
3639,64,2023-12-11,200,158,17.64
3640,66,2023-12-11,89,47,47.87
3641,67,2023-12-11,166,114,19.64
3642,68,2023-12-11,150,93,23.99
3643,72,2023-12-11,106,136,53.19
3644,75,2023-12-11,79,89,38.3
3645,79,2023-12-11,150,96,29.48
3646,81,2023-12-11,90,40,33.82
3647,82,2023-12-11,58,131,41.83
3648,84,2023-12-11,98,115,38.45
3649,85,2023-12-11,168,33,24.2
3650,86,2023-12-11,70,93,164.67
3651,87,2023-12-11,93,148,109.55
3652,88,2023-12-11,117,117,167.67
3653,90,2023-12-11,47,99,125.81
3654,91,2023-12-11,56,90,89.94
3655,94,2023-12-11,211,96,102.83
3656,95,2023-12-11,140,133,109.65
3657,97,2023-12-11,200,131,101.78
3658,98,2023-12-11,12,73,157.59
3659,102,2023-12-11,149,123,180.73
3660,103,2023-12-11,203,53,115.83
3661,105,2023-12-11,58,40,104.43
3662,107,2023-12-11,61,19,149.2
3663,108,2023-12-11,129,63,136.13
3664,114,2023-12-11,14,94,44.6
3665,115,2023-12-11,93,71,101.04
3666,116,2023-12-11,220,106,122.1
3667,117,2023-12-11,149,97,149.67
3668,118,2023-12-11,4,95,69.73
3669,119,2023-12-11,28,79,61.34
3670,120,2023-12-11,216,171,143.18
3671,122,2023-12-11,140,162,29.66
3672,124,2023-12-11,136,96,43.04
3673,125,2023-12-11,17,11,103.96
3674,126,2023-12-11,148,72,132.39
3675,127,2023-12-11,60,160,125.54
3676,131,2023-12-11,52,156,35.05
3677,132,2023-12-11,68,195,137.19
3678,134,2023-12-11,31,77,96.93
3679,137,2023-12-11,142,62,160.56
3680,138,2023-12-11,41,66,90.13
3681,145,2023-12-11,155,73,31.75
3682,146,2023-12-11,72,78,89.45
3683,148,2023-12-11,60,167,39.81
3684,151,2023-12-11,153,141,84.62
3685,154,2023-12-11,159,311,38.42
3686,155,2023-12-11,141,136,113.22
3687,157,2023-12-11,145,144,46.25
3688,158,2023-12-11,57,117,23.67
3689,160,2023-12-11,112,57,100.23
3690,161,2023-12-11,192,85,61.91
3691,163,2023-12-11,218,106,63.91
3692,165,2023-12-11,193,68,114.42
3693,168,2023-12-11,71,95,48.65
3694,169,2023-12-11,18,111,27.55
3695,1,2023-12-18,180,116,45.18
3696,3,2023-12-18,148,120,15.14
3697,4,2023-12-18,98,71,8.29
3698,7,2023-12-18,55,61,45.72
3699,9,2023-12-18,56,100,20.81
3700,10,2023-12-18,22,279,14.91
3701,11,2023-12-18,127,126,28.06
3702,15,2023-12-18,202,192,44.98
3703,16,2023-12-18,155,133,38.61
3704,19,2023-12-18,160,58,47.59
3705,20,2023-12-18,196,75,19.24
3706,21,2023-12-18,108,75,13.07
3707,22,2023-12-18,217,86,16.69
3708,23,2023-12-18,90,45,39.29
3709,25,2023-12-18,87,50,44.56
3710,27,2023-12-18,2,143,11.83
3711,28,2023-12-18,79,74,45.16
3712,30,2023-12-18,123,219,35.31
3713,31,2023-12-18,109,132,46.52
3714,33,2023-12-18,46,74,25.68
3715,34,2023-12-18,124,89,44.74
3716,35,2023-12-18,201,59,30.27
3717,38,2023-12-18,32,122,29.84
3718,39,2023-12-18,79,136,32.88
3719,40,2023-12-18,85,156,10.23
3720,42,2023-12-18,188,111,38.6
3721,44,2023-12-18,3,178,52.01
3722,45,2023-12-18,105,102,16.81
3723,46,2023-12-18,64,77,39.04
3724,47,2023-12-18,47,162,9.7
3725,48,2023-12-18,203,48,14.12
3726,51,2023-12-18,153,216,42.96
3727,52,2023-12-18,143,25,21.13
3728,54,2023-12-18,163,89,25.65
3729,57,2023-12-18,202,172,35.51
3730,60,2023-12-18,188,42,19.22
3731,61,2023-12-18,127,91,45.46
3732,63,2023-12-18,109,92,55.06
3733,64,2023-12-18,12,45,18.22
3734,65,2023-12-18,137,80,49.08
3735,67,2023-12-18,206,103,20.38
3736,68,2023-12-18,25,53,24.22
3737,72,2023-12-18,61,142,54.12
3738,73,2023-12-18,131,111,37.04
3739,75,2023-12-18,84,94,37.79
3740,77,2023-12-18,53,69,33.2
3741,80,2023-12-18,74,24,24.8
3742,81,2023-12-18,126,46,33.13
3743,82,2023-12-18,68,414,43.44
3744,83,2023-12-18,191,50,40.4
3745,84,2023-12-18,174,102,39.26
3746,86,2023-12-18,71,62,163.29
3747,87,2023-12-18,69,123,113.62
3748,88,2023-12-18,28,65,162.86
3749,89,2023-12-18,154,30,164.56
3750,91,2023-12-18,137,71,90.55
3751,93,2023-12-18,92,43,176.14
3752,95,2023-12-18,94,163,109.07
3753,97,2023-12-18,138,102,103.94
3754,98,2023-12-18,191,118,158.89
3755,99,2023-12-18,17,95,181.72
3756,100,2023-12-18,141,95,140.78
3757,101,2023-12-18,17,57,115.68
3758,105,2023-12-18,66,54,100.89
3759,106,2023-12-18,53,258,174.23
3760,109,2023-12-18,16,212,185.3
3761,110,2023-12-18,114,50,84.57
3762,111,2023-12-18,201,42,97.69
3763,113,2023-12-18,62,91,77.91
3764,114,2023-12-18,204,91,42.91
3765,115,2023-12-18,54,94,99.42
3766,116,2023-12-18,215,113,121.99
3767,119,2023-12-18,44,83,61.86
3768,120,2023-12-18,23,135,145.05
3769,122,2023-12-18,132,262,28.57
3770,124,2023-12-18,144,95,42.1
3771,128,2023-12-18,84,63,35.94
3772,134,2023-12-18,168,66,96.85
3773,135,2023-12-18,12,14,35.3
3774,140,2023-12-18,47,70,152.2
3775,141,2023-12-18,201,50,110.97
3776,145,2023-12-18,33,115,31.18
3777,147,2023-12-18,211,98,65.11
3778,148,2023-12-18,35,140,40.88
3779,149,2023-12-18,40,34,75.7
3780,153,2023-12-18,212,49,69.02
3781,154,2023-12-18,182,203,38.7
3782,155,2023-12-18,213,75,109.79
3783,157,2023-12-18,162,208,48.38
3784,158,2023-12-18,103,122,23.04
3785,161,2023-12-18,43,124,60.88
3786,163,2023-12-18,35,171,65.63
3787,164,2023-12-18,106,77,33.55
3788,165,2023-12-18,97,44,110.08
3789,166,2023-12-18,202,131,74.73
3790,167,2023-12-18,79,93,60.02
3791,168,2023-12-18,85,345,47.71
3792,169,2023-12-18,90,103,27.96
3793,170,2023-12-18,41,114,43.06
3794,1,2023-12-25,144,136,46.25
3795,5,2023-12-25,212,60,37.73
3796,6,2023-12-25,38,46,12.0
3797,7,2023-12-25,150,23,45.13
3798,8,2023-12-25,152,14,12.95
3799,10,2023-12-25,66,205,15.17
3800,11,2023-12-25,180,127,27.81
3801,12,2023-12-25,164,22,35.54
3802,14,2023-12-25,119,60,32.69
3803,15,2023-12-25,37,114,43.37
3804,16,2023-12-25,113,142,38.34
3805,17,2023-12-25,2,93,8.66
3806,19,2023-12-25,35,142,45.87
3807,21,2023-12-25,53,189,12.83
3808,22,2023-12-25,142,128,16.16
3809,23,2023-12-25,46,69,39.85
3810,25,2023-12-25,144,50,45.08
3811,26,2023-12-25,59,100,25.82
3812,27,2023-12-25,62,201,11.51
3813,28,2023-12-25,30,104,44.71
3814,29,2023-12-25,31,28,35.11
3815,30,2023-12-25,151,297,35.62
3816,31,2023-12-25,107,154,46.95
3817,32,2023-12-25,155,44,35.78
3818,33,2023-12-25,30,86,26.44
3819,34,2023-12-25,205,90,45.2
3820,35,2023-12-25,190,129,29.64
3821,37,2023-12-25,90,27,29.9
3822,38,2023-12-25,37,91,29.28
3823,39,2023-12-25,49,120,33.5
3824,40,2023-12-25,143,45,10.12
3825,41,2023-12-25,57,47,53.75
3826,42,2023-12-25,119,116,38.81
3827,43,2023-12-25,219,28,35.7
3828,44,2023-12-25,58,130,50.49
3829,45,2023-12-25,52,90,17.19
3830,49,2023-12-25,176,72,51.12
3831,53,2023-12-25,34,147,40.28
3832,55,2023-12-25,57,30,44.61
3833,56,2023-12-25,136,16,10.1
3834,57,2023-12-25,62,225,35.95
3835,61,2023-12-25,43,65,46.63
3836,62,2023-12-25,109,20,45.9
3837,63,2023-12-25,189,112,56.46
3838,64,2023-12-25,67,70,18.04
3839,67,2023-12-25,88,402,19.49
3840,69,2023-12-25,145,18,10.39
3841,70,2023-12-25,97,84,50.82
3842,73,2023-12-25,100,273,36.45
3843,76,2023-12-25,188,52,18.67
3844,79,2023-12-25,218,82,29.95
3845,80,2023-12-25,62,91,24.64
3846,81,2023-12-25,21,81,33.02
3847,82,2023-12-25,179,327,41.79
3848,84,2023-12-25,64,110,38.89
3849,85,2023-12-25,19,68,24.2
3850,86,2023-12-25,4,81,167.43
3851,87,2023-12-25,173,212,109.52
3852,88,2023-12-25,182,115,162.7
3853,90,2023-12-25,112,98,123.52
3854,94,2023-12-25,37,85,102.36
3855,95,2023-12-25,35,118,114.43
3856,97,2023-12-25,213,98,100.4
3857,99,2023-12-25,3,120,189.51
3858,100,2023-12-25,213,11,142.66
3859,101,2023-12-25,210,19,119.01
3860,104,2023-12-25,209,165,116.38
3861,105,2023-12-25,189,44,99.69
3862,109,2023-12-25,138,214,194.1
3863,110,2023-12-25,137,17,87.81
3864,112,2023-12-25,93,28,95.12
3865,113,2023-12-25,106,74,75.86
3866,114,2023-12-25,85,267,44.26
3867,117,2023-12-25,26,198,151.38
3868,118,2023-12-25,39,48,69.15
3869,119,2023-12-25,115,45,62.5
3870,120,2023-12-25,89,80,142.71
3871,122,2023-12-25,12,81,28.94
3872,123,2023-12-25,93,82,160.82
3873,124,2023-12-25,24,42,42.62
3874,125,2023-12-25,127,35,102.03
3875,127,2023-12-25,123,183,128.0
3876,128,2023-12-25,41,258,35.59
3877,141,2023-12-25,99,90,111.85
3878,142,2023-12-25,99,20,143.96
3879,143,2023-12-25,214,77,138.86
3880,145,2023-12-25,198,167,32.4
3881,146,2023-12-25,10,84,90.54
3882,147,2023-12-25,21,82,64.41
3883,148,2023-12-25,137,46,39.86
3884,149,2023-12-25,179,138,73.18
3885,150,2023-12-25,124,86,60.13
3886,151,2023-12-25,43,59,86.11
3887,155,2023-12-25,203,40,113.92
3888,157,2023-12-25,124,125,46.68
3889,158,2023-12-25,148,223,23.51
3890,160,2023-12-25,11,48,101.1
3891,161,2023-12-25,198,262,60.42
3892,163,2023-12-25,47,181,67.01
3893,169,2023-12-25,161,210,28.53
3894,3,2024-01-01,41,219,15.27
3895,4,2024-01-01,151,174,8.17
3896,5,2024-01-01,9,75,38.24
3897,8,2024-01-01,14,54,13.25
3898,9,2024-01-01,208,93,20.77
3899,10,2024-01-01,19,156,15.08
3900,14,2024-01-01,125,56,33.11
3901,15,2024-01-01,209,441,43.78
3902,16,2024-01-01,67,52,37.58
3903,17,2024-01-01,163,99,8.66
3904,20,2024-01-01,123,165,18.92
3905,21,2024-01-01,204,49,12.68
3906,23,2024-01-01,74,53,38.48
3907,24,2024-01-01,35,109,32.62
3908,25,2024-01-01,5,41,44.1
3909,26,2024-01-01,17,131,25.19
3910,31,2024-01-01,185,113,44.99
3911,34,2024-01-01,44,59,45.67
3912,35,2024-01-01,137,61,30.09
3913,36,2024-01-01,162,158,9.61
3914,38,2024-01-01,89,42,29.31
3915,39,2024-01-01,93,109,34.0
3916,40,2024-01-01,220,90,10.3
3917,42,2024-01-01,195,261,39.43
3918,44,2024-01-01,206,96,51.05
3919,46,2024-01-01,17,34,37.95
3920,47,2024-01-01,218,43,10.04
3921,48,2024-01-01,209,222,14.31
3922,49,2024-01-01,101,91,52.27
3923,50,2024-01-01,131,135,22.95
3924,51,2024-01-01,112,77,40.87
3925,52,2024-01-01,53,99,21.44
3926,53,2024-01-01,98,88,38.67
3927,54,2024-01-01,70,56,25.08
3928,57,2024-01-01,163,130,34.41
3929,59,2024-01-01,220,138,53.12
3930,61,2024-01-01,107,136,46.14
3931,63,2024-01-01,133,133,55.88
3932,67,2024-01-01,50,167,19.89
3933,68,2024-01-01,124,54,24.38
3934,72,2024-01-01,118,205,55.19
3935,73,2024-01-01,33,178,36.07
3936,75,2024-01-01,41,123,38.16
3937,81,2024-01-01,115,51,32.91
3938,82,2024-01-01,191,248,42.44
3939,86,2024-01-01,211,42,164.96
3940,87,2024-01-01,110,201,113.97
3941,90,2024-01-01,20,167,122.28
3942,91,2024-01-01,84,55,88.35
3943,92,2024-01-01,14,52,142.23
3944,93,2024-01-01,94,59,172.99
3945,94,2024-01-01,167,291,103.05
3946,95,2024-01-01,135,100,112.04
3947,97,2024-01-01,162,160,102.0
3948,98,2024-01-01,9,84,154.02
3949,99,2024-01-01,207,49,181.11
3950,100,2024-01-01,124,58,138.7
3951,103,2024-01-01,39,59,120.75
3952,106,2024-01-01,73,113,168.81
3953,108,2024-01-01,188,99,135.45
3954,110,2024-01-01,118,18,84.06
3955,111,2024-01-01,185,41,100.25
3956,113,2024-01-01,7,249,78.06
3957,114,2024-01-01,189,46,43.11
3958,116,2024-01-01,145,48,116.65
3959,119,2024-01-01,140,145,62.3
3960,120,2024-01-01,54,84,145.04
3961,121,2024-01-01,92,52,27.28
3962,122,2024-01-01,165,167,29.2
3963,123,2024-01-01,182,122,163.03
3964,127,2024-01-01,16,142,126.81
3965,128,2024-01-01,186,67,34.86
3966,131,2024-01-01,80,122,34.22
3967,132,2024-01-01,56,50,140.18
3968,137,2024-01-01,21,40,164.73
3969,139,2024-01-01,83,93,69.37
3970,140,2024-01-01,98,47,153.56
3971,141,2024-01-01,146,50,112.8
3972,145,2024-01-01,146,55,31.78
3973,146,2024-01-01,160,76,89.28
3974,147,2024-01-01,12,51,63.58
3975,150,2024-01-01,78,95,57.64
3976,151,2024-01-01,68,81,86.78
3977,152,2024-01-01,139,51,30.2
3978,155,2024-01-01,191,169,113.05
3979,157,2024-01-01,13,143,47.46
3980,158,2024-01-01,107,165,23.66
3981,161,2024-01-01,134,162,61.78
3982,163,2024-01-01,123,384,65.15
3983,164,2024-01-01,211,98,33.76
3984,165,2024-01-01,153,261,112.45
3985,166,2024-01-01,213,49,74.47
3986,167,2024-01-01,20,127,60.66
3987,168,2024-01-01,95,144,48.29
3988,169,2024-01-01,93,102,28.59
3989,1,2024-01-08,13,100,44.11
3990,2,2024-01-08,209,51,18.7
3991,4,2024-01-08,208,89,8.17
3992,5,2024-01-08,199,147,37.59
3993,6,2024-01-08,102,10,11.79
3994,10,2024-01-08,163,137,15.53
3995,11,2024-01-08,171,129,27.61
3996,14,2024-01-08,64,120,32.42
3997,15,2024-01-08,212,116,44.58
3998,17,2024-01-08,157,72,8.75
3999,18,2024-01-08,157,20,24.84
4000,19,2024-01-08,199,140,47.28
4001,20,2024-01-08,11,131,18.71
4002,21,2024-01-08,190,86,12.61
4003,23,2024-01-08,87,55,40.12
4004,24,2024-01-08,43,55,31.79
4005,25,2024-01-08,173,171,43.78
4006,26,2024-01-08,163,121,24.88
4007,27,2024-01-08,39,99,11.59
4008,31,2024-01-08,45,149,46.3
4009,35,2024-01-08,190,163,30.29
4010,36,2024-01-08,170,111,9.92
4011,39,2024-01-08,88,339,33.44
4012,42,2024-01-08,57,135,38.77
4013,44,2024-01-08,42,154,51.49
4014,48,2024-01-08,196,95,14.09
4015,50,2024-01-08,120,80,23.25
4016,51,2024-01-08,119,64,41.75
4017,52,2024-01-08,177,12,21.0
4018,53,2024-01-08,11,140,39.46
4019,54,2024-01-08,106,86,25.44
4020,55,2024-01-08,212,27,44.03
4021,57,2024-01-08,19,158,34.56
4022,58,2024-01-08,22,87,16.43
4023,61,2024-01-08,203,72,45.15
4024,63,2024-01-08,199,163,55.53
4025,64,2024-01-08,106,51,18.34
4026,65,2024-01-08,82,171,50.25
4027,67,2024-01-08,99,96,19.79
4028,68,2024-01-08,48,99,23.47
4029,69,2024-01-08,107,66,10.61
4030,71,2024-01-08,47,48,40.73
4031,72,2024-01-08,98,92,54.22
4032,73,2024-01-08,141,120,36.89
4033,77,2024-01-08,167,36,33.32
4034,79,2024-01-08,45,90,30.53
4035,82,2024-01-08,140,151,42.61
4036,85,2024-01-08,116,44,23.44
4037,86,2024-01-08,32,160,163.32
4038,87,2024-01-08,72,80,109.33
4039,88,2024-01-08,137,68,162.98
4040,91,2024-01-08,80,126,89.23
4041,92,2024-01-08,24,53,143.97
4042,97,2024-01-08,58,58,101.32
4043,99,2024-01-08,80,99,182.43
4044,100,2024-01-08,181,61,142.46
4045,101,2024-01-08,178,59,118.34
4046,104,2024-01-08,100,174,115.97
4047,108,2024-01-08,178,98,129.47
4048,109,2024-01-08,136,109,186.81
4049,111,2024-01-08,75,80,98.61
4050,112,2024-01-08,152,38,93.15
4051,113,2024-01-08,94,154,77.63
4052,114,2024-01-08,186,57,43.41
4053,116,2024-01-08,83,44,119.72
4054,119,2024-01-08,160,82,59.46
4055,122,2024-01-08,141,203,28.81
4056,123,2024-01-08,209,222,166.77
4057,124,2024-01-08,10,127,40.94
4058,125,2024-01-08,187,42,106.83
4059,131,2024-01-08,154,118,35.04
4060,132,2024-01-08,186,60,138.2
4061,134,2024-01-08,71,51,93.94
4062,135,2024-01-08,60,34,34.84
4063,137,2024-01-08,62,176,164.65
4064,140,2024-01-08,190,90,151.53
4065,141,2024-01-08,167,186,112.53
4066,142,2024-01-08,219,44,146.75
4067,143,2024-01-08,200,135,142.8
4068,145,2024-01-08,112,50,32.5
4069,150,2024-01-08,101,82,59.72
4070,155,2024-01-08,78,163,111.15
4071,157,2024-01-08,1,199,46.44
4072,158,2024-01-08,23,180,23.06
4073,161,2024-01-08,72,99,59.62
4074,163,2024-01-08,4,107,65.69
4075,164,2024-01-08,59,50,33.32
4076,165,2024-01-08,64,126,113.55
4077,168,2024-01-08,6,120,46.52
4078,169,2024-01-08,30,167,28.95
4079,2,2024-01-15,153,129,18.91
4080,4,2024-01-15,57,86,8.19
4081,6,2024-01-15,86,38,12.0
4082,7,2024-01-15,5,13,46.61
4083,8,2024-01-15,35,100,13.05
4084,9,2024-01-15,10,84,20.46
4085,10,2024-01-15,94,192,14.98
4086,11,2024-01-15,76,124,28.08
4087,13,2024-01-15,147,63,40.55
4088,14,2024-01-15,215,156,33.48
4089,15,2024-01-15,56,90,45.22
4090,19,2024-01-15,87,40,46.6
4091,20,2024-01-15,9,88,18.82
4092,21,2024-01-15,145,76,12.62
4093,23,2024-01-15,118,162,39.66
4094,24,2024-01-15,137,61,31.61
4095,25,2024-01-15,211,60,44.0
4096,26,2024-01-15,211,143,24.77
4097,28,2024-01-15,21,65,43.75
4098,30,2024-01-15,77,45,35.19
4099,31,2024-01-15,64,244,46.07
4100,32,2024-01-15,5,84,36.27
4101,33,2024-01-15,14,50,26.01
4102,34,2024-01-15,21,64,45.26
4103,35,2024-01-15,204,42,30.25
4104,37,2024-01-15,171,56,29.64
4105,39,2024-01-15,179,435,33.48
4106,42,2024-01-15,43,119,39.71
4107,44,2024-01-15,118,171,51.93
4108,48,2024-01-15,208,76,14.0
4109,49,2024-01-15,39,46,52.67
4110,50,2024-01-15,42,180,23.23
4111,51,2024-01-15,149,135,42.94
4112,53,2024-01-15,55,147,38.5
4113,54,2024-01-15,117,144,25.24
4114,55,2024-01-15,215,108,43.71
4115,57,2024-01-15,200,187,35.96
4116,60,2024-01-15,133,72,19.64
4117,61,2024-01-15,107,104,46.52
4118,63,2024-01-15,39,124,55.73
4119,64,2024-01-15,74,82,17.9
4120,65,2024-01-15,135,95,51.32
4121,66,2024-01-15,181,90,46.47
4122,67,2024-01-15,47,156,19.53
4123,68,2024-01-15,148,93,23.46
4124,70,2024-01-15,97,73,49.48
4125,71,2024-01-15,58,28,40.26
4126,72,2024-01-15,50,214,52.64
4127,73,2024-01-15,128,61,37.84
4128,74,2024-01-15,30,91,37.9
4129,75,2024-01-15,132,106,37.85
4130,76,2024-01-15,40,59,18.89
4131,80,2024-01-15,93,38,24.06
4132,81,2024-01-15,162,142,33.88
4133,82,2024-01-15,19,171,42.31
4134,83,2024-01-15,26,78,41.51
4135,88,2024-01-15,90,75,170.36
4136,89,2024-01-15,129,42,164.57
4137,90,2024-01-15,169,126,126.05
4138,91,2024-01-15,23,156,92.75
4139,92,2024-01-15,169,72,138.12
4140,97,2024-01-15,167,270,103.87
4141,98,2024-01-15,116,64,157.68
4142,99,2024-01-15,91,120,180.3
4143,100,2024-01-15,112,22,141.77
4144,101,2024-01-15,167,120,117.14
4145,108,2024-01-15,174,63,134.74
4146,109,2024-01-15,17,137,194.65
4147,110,2024-01-15,47,50,84.68
4148,111,2024-01-15,109,70,101.37
4149,112,2024-01-15,159,141,92.82
4150,114,2024-01-15,209,234,43.79
4151,116,2024-01-15,101,88,116.17
4152,117,2024-01-15,78,126,149.1
4153,118,2024-01-15,15,126,67.92
4154,120,2024-01-15,101,60,145.68
4155,122,2024-01-15,177,83,29.46
4156,124,2024-01-15,203,66,42.84
4157,127,2024-01-15,127,50,125.02
4158,128,2024-01-15,122,86,36.02
4159,131,2024-01-15,150,62,35.18
4160,132,2024-01-15,145,54,138.14
4161,134,2024-01-15,143,55,93.07
4162,137,2024-01-15,154,97,166.87
4163,138,2024-01-15,143,31,91.26
4164,139,2024-01-15,27,93,66.14
4165,141,2024-01-15,63,169,111.89
4166,143,2024-01-15,172,172,139.5
4167,146,2024-01-15,148,77,89.44
4168,147,2024-01-15,148,77,65.52
4169,148,2024-01-15,137,48,39.78
4170,153,2024-01-15,77,29,67.78
4171,155,2024-01-15,108,62,109.45
4172,157,2024-01-15,212,89,46.69
4173,158,2024-01-15,167,306,23.68
4174,161,2024-01-15,202,167,59.2
4175,162,2024-01-15,102,34,105.33
4176,163,2024-01-15,130,117,64.5
4177,164,2024-01-15,8,171,33.47
4178,165,2024-01-15,156,135,110.13
4179,166,2024-01-15,180,98,75.17
4180,167,2024-01-15,123,297,61.33
4181,168,2024-01-15,135,123,47.4
4182,169,2024-01-15,216,156,27.69
4183,170,2024-01-15,56,54,42.99
4184,1,2024-01-22,163,128,44.57
4185,7,2024-01-22,164,60,45.13
4186,10,2024-01-22,217,95,15.25
4187,13,2024-01-22,198,107,40.57
4188,14,2024-01-22,62,120,32.9
4189,15,2024-01-22,161,180,44.53
4190,18,2024-01-22,44,44,24.71
4191,19,2024-01-22,167,255,46.23
4192,22,2024-01-22,131,142,16.51
4193,23,2024-01-22,14,49,38.58
4194,24,2024-01-22,164,50,32.45
4195,25,2024-01-22,37,56,44.13
4196,26,2024-01-22,24,142,24.87
4197,27,2024-01-22,101,128,11.68
4198,29,2024-01-22,14,57,33.55
4199,30,2024-01-22,17,82,35.89
4200,31,2024-01-22,109,114,44.96
4201,32,2024-01-22,42,147,37.12
4202,41,2024-01-22,203,42,52.24
4203,42,2024-01-22,184,133,38.63
4204,47,2024-01-22,23,151,9.67
4205,50,2024-01-22,176,72,22.24
4206,51,2024-01-22,195,180,42.7
4207,53,2024-01-22,208,64,39.56
4208,54,2024-01-22,90,80,24.66
4209,55,2024-01-22,27,24,43.91
4210,57,2024-01-22,30,185,35.08
4211,59,2024-01-22,7,174,50.86
4212,61,2024-01-22,203,92,47.53
4213,63,2024-01-22,63,232,54.67
4214,64,2024-01-22,152,62,17.92
4215,67,2024-01-22,11,144,19.66
4216,68,2024-01-22,61,70,23.63
4217,70,2024-01-22,42,115,50.78
4218,72,2024-01-22,108,145,54.78
4219,79,2024-01-22,199,178,29.8
4220,81,2024-01-22,132,117,33.38
4221,82,2024-01-22,91,333,42.58
4222,83,2024-01-22,151,30,41.11
4223,87,2024-01-22,34,192,112.25
4224,90,2024-01-22,146,66,120.23
4225,92,2024-01-22,196,65,143.16
4226,98,2024-01-22,79,72,161.63
4227,99,2024-01-22,203,44,184.6
4228,100,2024-01-22,44,46,139.15
4229,105,2024-01-22,13,51,104.15
4230,106,2024-01-22,131,136,169.01
4231,108,2024-01-22,198,165,132.76
4232,109,2024-01-22,103,132,194.52
4233,114,2024-01-22,87,86,43.03
4234,116,2024-01-22,159,264,120.76
4235,118,2024-01-22,10,104,68.09
4236,119,2024-01-22,17,89,61.63
4237,124,2024-01-22,183,79,41.71
4238,127,2024-01-22,111,52,127.54
4239,128,2024-01-22,197,64,35.51
4240,130,2024-01-22,142,84,48.86
4241,132,2024-01-22,171,71,143.06
4242,134,2024-01-22,4,55,95.85
4243,135,2024-01-22,212,31,35.32
4244,136,2024-01-22,214,52,125.37
4245,137,2024-01-22,48,94,161.71
4246,139,2024-01-22,153,144,69.05
4247,140,2024-01-22,6,46,155.02
4248,141,2024-01-22,203,64,112.76
4249,142,2024-01-22,28,11,151.2
4250,143,2024-01-22,137,68,137.74
4251,146,2024-01-22,175,86,91.76
4252,148,2024-01-22,137,78,40.78
4253,157,2024-01-22,3,225,47.66
4254,158,2024-01-22,193,116,23.35
4255,160,2024-01-22,47,84,100.01
4256,161,2024-01-22,105,411,61.66
4257,163,2024-01-22,38,147,66.73
4258,164,2024-01-22,200,167,33.32
4259,165,2024-01-22,66,104,109.97
4260,166,2024-01-22,93,52,75.76
4261,167,2024-01-22,168,92,62.29
4262,170,2024-01-22,51,45,42.92
4263,1,2024-01-29,193,133,45.05
4264,4,2024-01-29,94,135,8.17
4265,5,2024-01-29,17,68,37.01
4266,6,2024-01-29,78,37,11.7
4267,8,2024-01-29,200,91,13.39
4268,9,2024-01-29,20,108,20.26
4269,10,2024-01-29,158,133,14.94
4270,11,2024-01-29,83,120,28.07
4271,13,2024-01-29,91,268,41.1
4272,14,2024-01-29,56,78,33.72
4273,15,2024-01-29,56,38,44.07
4274,17,2024-01-29,147,97,8.65
4275,21,2024-01-29,73,133,12.82
4276,23,2024-01-29,210,67,38.71
4277,24,2024-01-29,149,77,32.25
4278,25,2024-01-29,72,94,43.52
4279,26,2024-01-29,195,226,24.77
4280,27,2024-01-29,47,221,11.67
4281,31,2024-01-29,169,163,46.58
4282,32,2024-01-29,199,151,37.42
4283,35,2024-01-29,124,41,29.98
4284,37,2024-01-29,53,129,30.67
4285,38,2024-01-29,124,49,28.91
4286,42,2024-01-29,48,124,39.65
4287,44,2024-01-29,106,149,49.95
4288,46,2024-01-29,52,72,38.36
4289,47,2024-01-29,5,52,9.72
4290,49,2024-01-29,214,63,51.72
4291,50,2024-01-29,158,48,22.23
4292,51,2024-01-29,91,282,41.68
4293,52,2024-01-29,81,23,20.99
4294,53,2024-01-29,127,94,39.2
4295,54,2024-01-29,174,82,24.82
4296,56,2024-01-29,72,40,9.91
4297,57,2024-01-29,25,106,35.26
4298,59,2024-01-29,106,76,51.25
4299,62,2024-01-29,164,54,44.7
4300,63,2024-01-29,137,98,55.01
4301,64,2024-01-29,164,40,17.6
4302,65,2024-01-29,1,111,50.3
4303,66,2024-01-29,182,27,47.27
4304,67,2024-01-29,4,87,19.74
4305,68,2024-01-29,144,80,23.49
4306,69,2024-01-29,165,88,10.78
4307,70,2024-01-29,121,177,50.0
4308,71,2024-01-29,68,132,40.49
4309,72,2024-01-29,83,89,55.0
4310,73,2024-01-29,89,97,36.58
4311,76,2024-01-29,13,58,18.1
4312,78,2024-01-29,192,57,52.72
4313,80,2024-01-29,110,106,24.23
4314,81,2024-01-29,62,111,33.53
4315,82,2024-01-29,83,104,41.62
4316,85,2024-01-29,64,97,23.91
4317,86,2024-01-29,172,111,165.9
4318,87,2024-01-29,144,100,114.04
4319,88,2024-01-29,47,158,164.04
4320,89,2024-01-29,104,25,157.32
4321,92,2024-01-29,106,78,141.45
4322,93,2024-01-29,94,50,173.13
4323,94,2024-01-29,116,56,101.29
4324,95,2024-01-29,87,88,110.31
4325,98,2024-01-29,42,104,158.96
4326,104,2024-01-29,96,30,118.22
4327,106,2024-01-29,102,58,172.45
4328,108,2024-01-29,7,210,129.59
4329,109,2024-01-29,216,225,192.2
4330,112,2024-01-29,164,81,92.44
4331,115,2024-01-29,2,46,98.04
4332,116,2024-01-29,65,53,120.98
4333,117,2024-01-29,97,77,150.61
4334,118,2024-01-29,143,47,68.34
4335,120,2024-01-29,27,75,142.97
4336,121,2024-01-29,37,37,26.72
4337,122,2024-01-29,210,150,29.1
4338,127,2024-01-29,174,62,124.43
4339,128,2024-01-29,199,111,35.96
4340,130,2024-01-29,211,95,49.75
4341,131,2024-01-29,194,61,34.95
4342,137,2024-01-29,168,76,161.34
4343,138,2024-01-29,8,93,88.45
4344,139,2024-01-29,159,291,66.19
4345,140,2024-01-29,215,102,155.96
4346,145,2024-01-29,196,72,32.36
4347,147,2024-01-29,84,46,64.35
4348,148,2024-01-29,143,88,39.71
4349,155,2024-01-29,218,94,110.41
4350,157,2024-01-29,20,203,47.78
4351,158,2024-01-29,149,264,23.42
4352,161,2024-01-29,80,196,60.39
4353,164,2024-01-29,110,165,32.81
4354,165,2024-01-29,1,169,109.87
4355,166,2024-01-29,178,57,73.42
4356,168,2024-01-29,191,241,48.44
4357,169,2024-01-29,76,100,27.79
4358,1,2024-02-05,85,357,44.7
4359,12,2024-02-05,70,30,34.56
4360,14,2024-02-05,89,71,33.55
4361,17,2024-02-05,99,80,8.94
4362,19,2024-02-05,49,43,46.35
4363,20,2024-02-05,2,71,19.09
4364,21,2024-02-05,123,288,12.54
4365,24,2024-02-05,13,84,32.78
4366,26,2024-02-05,77,132,25.84
4367,27,2024-02-05,38,98,11.66
4368,28,2024-02-05,135,54,45.28
4369,29,2024-02-05,125,40,34.14
4370,30,2024-02-05,22,291,35.62
4371,31,2024-02-05,91,246,46.43
4372,33,2024-02-05,204,98,25.73
4373,36,2024-02-05,88,271,9.73
4374,37,2024-02-05,35,37,30.31
4375,38,2024-02-05,77,76,30.25
4376,40,2024-02-05,37,52,10.15
4377,42,2024-02-05,192,103,39.54
4378,44,2024-02-05,56,122,50.57
4379,48,2024-02-05,116,75,14.19
4380,49,2024-02-05,190,93,51.92
4381,50,2024-02-05,175,60,22.46
4382,51,2024-02-05,147,42,40.96
4383,54,2024-02-05,111,95,25.33
4384,57,2024-02-05,36,101,35.46
4385,58,2024-02-05,116,54,16.37
4386,62,2024-02-05,114,34,45.82
4387,63,2024-02-05,2,85,54.42
4388,64,2024-02-05,23,82,18.04
4389,66,2024-02-05,130,52,46.79
4390,67,2024-02-05,220,171,19.55
4391,68,2024-02-05,8,140,23.65
4392,72,2024-02-05,10,187,53.37
4393,74,2024-02-05,68,39,37.32
4394,79,2024-02-05,23,106,29.29
4395,81,2024-02-05,217,93,32.73
4396,87,2024-02-05,114,222,111.8
4397,88,2024-02-05,169,108,161.64
4398,89,2024-02-05,113,10,163.21
4399,90,2024-02-05,40,149,124.87
4400,92,2024-02-05,147,80,143.6
4401,94,2024-02-05,152,58,100.66
4402,97,2024-02-05,42,172,102.87
4403,98,2024-02-05,119,41,161.49
4404,106,2024-02-05,18,52,171.99
4405,109,2024-02-05,152,98,190.95
4406,111,2024-02-05,90,79,98.57
4407,113,2024-02-05,106,69,77.35
4408,114,2024-02-05,112,91,42.98
4409,122,2024-02-05,157,83,29.85
4410,123,2024-02-05,122,156,160.48
4411,125,2024-02-05,38,51,101.59
4412,127,2024-02-05,190,180,129.8
4413,130,2024-02-05,110,172,48.81
4414,132,2024-02-05,131,82,136.98
4415,134,2024-02-05,81,56,94.86
4416,137,2024-02-05,122,145,161.76
4417,138,2024-02-05,47,84,88.07
4418,139,2024-02-05,84,88,67.48
4419,142,2024-02-05,125,32,147.77
4420,143,2024-02-05,101,42,140.14
4421,145,2024-02-05,217,89,32.48
4422,146,2024-02-05,122,162,90.37
4423,148,2024-02-05,134,135,39.73
4424,150,2024-02-05,146,93,58.3
4425,151,2024-02-05,91,39,84.47
4426,157,2024-02-05,188,147,46.75
4427,158,2024-02-05,140,162,23.35
4428,161,2024-02-05,144,97,61.32
4429,163,2024-02-05,212,91,65.32
4430,165,2024-02-05,154,162,111.58
4431,166,2024-02-05,201,100,75.51
4432,167,2024-02-05,67,75,59.91
4433,168,2024-02-05,112,32,46.95
4434,169,2024-02-05,137,133,27.65
4435,1,2024-02-12,49,85,45.59
4436,3,2024-02-12,153,255,15.07
4437,4,2024-02-12,128,57,8.53
4438,7,2024-02-12,147,43,44.81
4439,8,2024-02-12,84,39,13.38
4440,9,2024-02-12,91,168,20.31
4441,10,2024-02-12,215,228,15.23
4442,11,2024-02-12,141,172,28.33
4443,12,2024-02-12,129,13,35.21
4444,13,2024-02-12,207,94,42.14
4445,14,2024-02-12,121,285,32.44
4446,17,2024-02-12,115,76,9.08
4447,21,2024-02-12,79,87,12.67
4448,22,2024-02-12,107,156,16.77
4449,26,2024-02-12,205,246,24.98
4450,28,2024-02-12,99,87,44.48
4451,30,2024-02-12,23,154,34.69
4452,31,2024-02-12,78,203,46.3
4453,32,2024-02-12,83,55,37.23
4454,33,2024-02-12,99,61,26.22
4455,34,2024-02-12,148,138,45.33
4456,36,2024-02-12,58,88,9.59
4457,37,2024-02-12,201,34,30.59
4458,39,2024-02-12,46,118,32.69
4459,42,2024-02-12,75,111,38.77
4460,44,2024-02-12,31,149,50.62
4461,46,2024-02-12,168,40,38.57
4462,47,2024-02-12,64,82,10.06
4463,48,2024-02-12,109,40,14.13
4464,49,2024-02-12,218,46,51.69
4465,50,2024-02-12,109,56,22.69
4466,51,2024-02-12,208,74,41.01
4467,59,2024-02-12,140,151,52.08
4468,63,2024-02-12,103,102,55.15
4469,64,2024-02-12,34,169,17.81
4470,66,2024-02-12,121,108,46.72
4471,67,2024-02-12,157,143,19.77
4472,69,2024-02-12,156,174,10.82
4473,70,2024-02-12,207,43,49.8
4474,72,2024-02-12,138,221,53.91
4475,79,2024-02-12,169,167,30.24
4476,80,2024-02-12,191,43,24.0
4477,81,2024-02-12,71,54,32.81
4478,85,2024-02-12,100,151,23.45
4479,89,2024-02-12,137,20,164.6
4480,90,2024-02-12,207,70,125.56
4481,91,2024-02-12,152,67,92.89
4482,94,2024-02-12,46,99,102.84
4483,95,2024-02-12,93,86,112.61
4484,97,2024-02-12,129,73,101.46
4485,98,2024-02-12,161,149,157.81
4486,100,2024-02-12,169,46,136.61
4487,105,2024-02-12,196,19,101.75
4488,106,2024-02-12,30,165,175.72
4489,108,2024-02-12,212,93,133.55
4490,109,2024-02-12,21,108,191.71
4491,111,2024-02-12,101,58,99.65
4492,112,2024-02-12,20,65,91.63
4493,113,2024-02-12,200,104,76.07
4494,114,2024-02-12,22,237,44.5
4495,115,2024-02-12,89,61,101.65
4496,116,2024-02-12,159,300,120.22
4497,120,2024-02-12,200,135,145.18
4498,122,2024-02-12,68,312,28.58
4499,123,2024-02-12,220,124,164.42
4500,124,2024-02-12,213,94,42.29
4501,128,2024-02-12,158,83,35.55
4502,130,2024-02-12,13,48,49.37
4503,134,2024-02-12,127,49,94.82
4504,137,2024-02-12,192,69,161.96
4505,141,2024-02-12,143,82,112.43
4506,145,2024-02-12,97,80,32.47
4507,147,2024-02-12,15,73,64.97
4508,148,2024-02-12,54,51,39.46
4509,150,2024-02-12,141,178,58.25
4510,157,2024-02-12,162,63,47.54
4511,158,2024-02-12,185,113,23.54
4512,161,2024-02-12,178,148,59.07
4513,163,2024-02-12,142,125,64.64
4514,166,2024-02-12,88,246,73.4
4515,169,2024-02-12,137,144,28.73
4516,170,2024-02-12,127,19,44.5
4517,1,2024-02-19,126,99,46.33
4518,2,2024-02-19,203,28,18.74
4519,3,2024-02-19,166,59,14.53
4520,5,2024-02-19,166,45,38.22
4521,8,2024-02-19,141,21,13.31
4522,9,2024-02-19,207,81,20.08
4523,10,2024-02-19,133,84,15.37
4524,11,2024-02-19,216,223,28.95
4525,13,2024-02-19,69,103,40.85
4526,17,2024-02-19,150,42,8.64
4527,19,2024-02-19,181,100,46.34
4528,20,2024-02-19,17,78,18.91
4529,23,2024-02-19,182,154,39.08
4530,24,2024-02-19,164,60,31.79
4531,25,2024-02-19,53,228,43.13
4532,28,2024-02-19,128,46,43.84
4533,30,2024-02-19,177,46,35.06
4534,31,2024-02-19,150,50,45.23
4535,32,2024-02-19,174,68,35.9
4536,35,2024-02-19,124,80,29.82
4537,36,2024-02-19,194,97,10.03
4538,39,2024-02-19,26,317,32.79
4539,41,2024-02-19,51,31,52.98
4540,44,2024-02-19,160,133,50.41
4541,47,2024-02-19,210,75,9.99
4542,48,2024-02-19,89,78,14.3
4543,49,2024-02-19,81,99,52.36
4544,54,2024-02-19,74,47,24.98
4545,59,2024-02-19,5,95,52.14
4546,60,2024-02-19,100,297,19.65
4547,61,2024-02-19,214,61,46.65
4548,63,2024-02-19,204,102,54.32
4549,64,2024-02-19,64,95,18.08
4550,66,2024-02-19,194,25,46.03
4551,67,2024-02-19,186,132,19.89
4552,68,2024-02-19,218,79,24.33
4553,72,2024-02-19,23,210,52.98
4554,75,2024-02-19,1,129,38.92
4555,78,2024-02-19,93,12,54.94
4556,79,2024-02-19,21,78,30.48
4557,80,2024-02-19,137,44,24.67
4558,85,2024-02-19,28,13,24.27
4559,88,2024-02-19,89,79,162.23
4560,90,2024-02-19,100,228,123.08
4561,92,2024-02-19,186,45,137.36
4562,93,2024-02-19,31,21,171.37
4563,94,2024-02-19,52,147,104.87
4564,95,2024-02-19,42,180,109.83
4565,97,2024-02-19,50,109,103.41
4566,98,2024-02-19,107,145,156.84
4567,99,2024-02-19,17,48,181.03
4568,101,2024-02-19,36,51,114.02
4569,105,2024-02-19,184,33,102.33
4570,108,2024-02-19,99,50,132.69
4571,109,2024-02-19,124,147,192.87
4572,111,2024-02-19,171,49,98.57
4573,112,2024-02-19,125,51,92.79
4574,113,2024-02-19,79,81,75.9
4575,114,2024-02-19,63,97,43.05
4576,115,2024-02-19,81,53,102.11
4577,116,2024-02-19,109,42,119.47
4578,117,2024-02-19,162,174,148.32
4579,118,2024-02-19,161,129,68.76
4580,119,2024-02-19,63,77,61.73
4581,120,2024-02-19,106,67,144.97
4582,122,2024-02-19,108,99,29.34
4583,127,2024-02-19,23,162,129.5
4584,130,2024-02-19,163,52,49.33
4585,131,2024-02-19,135,56,34.13
4586,134,2024-02-19,188,98,93.71
4587,135,2024-02-19,39,34,35.76
4588,137,2024-02-19,48,99,163.08
4589,138,2024-02-19,206,19,87.23
4590,146,2024-02-19,102,61,91.21
4591,148,2024-02-19,104,113,39.55
4592,150,2024-02-19,153,255,60.0
4593,151,2024-02-19,185,16,83.16
4594,155,2024-02-19,204,82,108.75
4595,158,2024-02-19,212,99,23.44
4596,160,2024-02-19,91,96,101.51
4597,161,2024-02-19,153,103,60.83
4598,163,2024-02-19,91,178,66.63
4599,164,2024-02-19,35,79,32.63
4600,165,2024-02-19,133,72,115.61
4601,167,2024-02-19,114,122,60.15
4602,169,2024-02-19,139,80,27.99
4603,170,2024-02-19,4,51,43.19
4604,1,2024-02-26,215,171,45.04
4605,2,2024-02-26,18,39,18.13
4606,3,2024-02-26,46,68,15.04
4607,7,2024-02-26,36,37,46.14
4608,10,2024-02-26,88,408,14.93
4609,11,2024-02-26,63,207,27.99
4610,13,2024-02-26,174,97,40.5
4611,14,2024-02-26,31,73,33.42
4612,17,2024-02-26,30,172,8.81
4613,18,2024-02-26,150,35,24.07
4614,19,2024-02-26,185,79,46.31
4615,21,2024-02-26,94,100,12.54
4616,22,2024-02-26,3,219,16.81
4617,23,2024-02-26,80,104,39.04
4618,24,2024-02-26,127,81,32.7
4619,25,2024-02-26,6,90,45.16
4620,26,2024-02-26,139,85,25.31
4621,27,2024-02-26,94,169,12.03
4622,30,2024-02-26,99,93,35.04
4623,35,2024-02-26,68,189,29.36
4624,36,2024-02-26,16,188,9.56
4625,37,2024-02-26,29,120,30.03
4626,38,2024-02-26,9,75,29.92
4627,40,2024-02-26,154,82,10.04
4628,41,2024-02-26,116,46,53.2
4629,42,2024-02-26,93,130,39.3
4630,51,2024-02-26,32,77,42.51
4631,53,2024-02-26,72,77,40.0
4632,54,2024-02-26,143,53,25.07
4633,55,2024-02-26,80,57,44.52
4634,59,2024-02-26,81,56,51.92
4635,60,2024-02-26,211,52,19.1
4636,61,2024-02-26,134,100,46.86
4637,62,2024-02-26,106,26,45.8
4638,63,2024-02-26,126,127,54.53
4639,65,2024-02-26,141,86,49.55
4640,67,2024-02-26,205,226,19.95
4641,68,2024-02-26,84,85,23.86
4642,72,2024-02-26,51,99,54.28
4643,79,2024-02-26,64,95,29.4
4644,83,2024-02-26,132,72,40.24
4645,85,2024-02-26,152,20,23.73
4646,86,2024-02-26,56,70,164.82
4647,88,2024-02-26,27,75,166.13
4648,89,2024-02-26,54,48,162.18
4649,94,2024-02-26,94,145,103.41
4650,95,2024-02-26,111,90,112.38
4651,98,2024-02-26,6,41,154.15
4652,99,2024-02-26,216,149,185.36
4653,104,2024-02-26,22,171,120.34
4654,108,2024-02-26,201,72,129.87
4655,109,2024-02-26,104,210,187.45
4656,110,2024-02-26,212,59,83.78
4657,111,2024-02-26,94,151,98.11
4658,115,2024-02-26,66,99,98.37
4659,116,2024-02-26,203,71,116.05
4660,117,2024-02-26,10,127,149.29
4661,118,2024-02-26,6,77,67.63
4662,119,2024-02-26,48,73,60.62
4663,123,2024-02-26,139,70,158.71
4664,125,2024-02-26,82,86,103.54
4665,127,2024-02-26,13,68,129.64
4666,130,2024-02-26,12,79,49.78
4667,131,2024-02-26,156,252,33.58
4668,135,2024-02-26,142,57,35.69
4669,139,2024-02-26,179,180,67.14
4670,141,2024-02-26,7,198,111.56
4671,143,2024-02-26,107,163,136.1
4672,145,2024-02-26,43,44,31.51
4673,147,2024-02-26,112,80,66.26
4674,148,2024-02-26,4,67,40.85
4675,149,2024-02-26,178,28,72.9
4676,150,2024-02-26,96,79,58.47
4677,151,2024-02-26,9,38,84.34
4678,155,2024-02-26,153,201,108.48
4679,158,2024-02-26,217,122,22.72
4680,165,2024-02-26,54,61,111.86
4681,167,2024-02-26,187,89,62.07
4682,169,2024-02-26,209,423,28.11
4683,1,2024-03-04,60,153,45.76
4684,3,2024-03-04,178,63,14.92
4685,4,2024-03-04,158,57,8.48
4686,7,2024-03-04,37,44,46.63
4687,8,2024-03-04,61,60,13.12
4688,9,2024-03-04,75,83,20.91
4689,13,2024-03-04,135,75,42.04
4690,17,2024-03-04,131,162,8.87
4691,23,2024-03-04,71,42,38.78
4692,24,2024-03-04,61,94,33.06
4693,25,2024-03-04,190,106,43.95
4694,26,2024-03-04,58,87,25.51
4695,27,2024-03-04,146,100,11.78
4696,28,2024-03-04,213,53,44.93
4697,30,2024-03-04,13,94,35.52
4698,35,2024-03-04,193,82,30.0
4699,41,2024-03-04,125,54,52.66
4700,42,2024-03-04,42,266,38.54
4701,44,2024-03-04,155,50,50.63
4702,47,2024-03-04,86,92,9.56
4703,48,2024-03-04,146,61,14.69
4704,49,2024-03-04,204,83,50.49
4705,51,2024-03-04,213,76,40.95
4706,53,2024-03-04,183,171,40.08
4707,55,2024-03-04,199,79,44.32
4708,59,2024-03-04,28,58,53.19
4709,61,2024-03-04,199,97,46.76
4710,63,2024-03-04,56,116,55.25
4711,64,2024-03-04,204,67,18.21
4712,65,2024-03-04,38,51,49.87
4713,66,2024-03-04,50,77,45.93
4714,67,2024-03-04,97,85,20.23
4715,70,2024-03-04,159,162,51.25
4716,72,2024-03-04,154,270,54.99
4717,75,2024-03-04,74,55,38.2
4718,76,2024-03-04,159,48,18.28
4719,77,2024-03-04,94,91,34.13
4720,88,2024-03-04,108,50,165.76
4721,90,2024-03-04,83,60,125.62
4722,93,2024-03-04,143,35,171.94
4723,98,2024-03-04,201,84,160.4
4724,103,2024-03-04,188,48,118.42
4725,104,2024-03-04,169,72,121.05
4726,105,2024-03-04,77,28,102.57
4727,106,2024-03-04,125,90,168.2
4728,108,2024-03-04,70,54,129.51
4729,109,2024-03-04,51,6,190.98
4730,111,2024-03-04,84,84,99.87
4731,112,2024-03-04,155,20,90.66
4732,115,2024-03-04,99,72,102.06
4733,116,2024-03-04,20,97,122.22
4734,117,2024-03-04,194,57,148.86
4735,118,2024-03-04,86,91,70.0
4736,120,2024-03-04,208,68,147.53
4737,123,2024-03-04,159,138,159.66
4738,128,2024-03-04,166,40,34.94
4739,130,2024-03-04,79,77,49.96
4740,132,2024-03-04,120,61,143.14
4741,134,2024-03-04,11,167,97.7
4742,137,2024-03-04,179,180,164.07
4743,142,2024-03-04,214,36,150.24
4744,143,2024-03-04,119,49,137.09
4745,145,2024-03-04,115,95,32.12
4746,147,2024-03-04,34,158,66.11
4747,148,2024-03-04,132,160,39.97
4748,150,2024-03-04,213,75,59.65
4749,155,2024-03-04,32,75,113.56
4750,158,2024-03-04,114,207,23.53
4751,162,2024-03-04,24,44,105.35
4752,164,2024-03-04,180,54,34.08
4753,165,2024-03-04,191,110,110.1
4754,166,2024-03-04,217,44,73.7
4755,169,2024-03-04,5,128,27.59
4756,170,2024-03-04,204,26,43.1
4757,1,2024-03-11,16,11,44.83
4758,9,2024-03-11,186,63,21.06
4759,10,2024-03-11,46,85,15.36
4760,11,2024-03-11,58,102,27.92
4761,13,2024-03-11,100,250,41.35
4762,14,2024-03-11,22,279,33.86
4763,17,2024-03-11,149,82,8.89
4764,19,2024-03-11,10,160,45.57
4765,20,2024-03-11,65,50,18.71
4766,22,2024-03-11,18,100,16.87
4767,26,2024-03-11,138,225,24.87
4768,27,2024-03-11,178,128,11.51
4769,32,2024-03-11,105,267,36.56
4770,34,2024-03-11,24,51,46.32
4771,35,2024-03-11,8,176,30.21
4772,36,2024-03-11,213,136,9.98
4773,40,2024-03-11,127,50,10.3
4774,48,2024-03-11,108,42,14.32
4775,49,2024-03-11,27,40,51.86
4776,50,2024-03-11,115,87,22.73
4777,51,2024-03-11,196,81,41.76
4778,52,2024-03-11,22,66,21.12
4779,54,2024-03-11,151,237,24.98
4780,56,2024-03-11,166,28,9.73
4781,59,2024-03-11,160,62,52.46
4782,60,2024-03-11,19,113,18.98
4783,61,2024-03-11,189,56,46.44
4784,63,2024-03-11,167,264,56.3
4785,65,2024-03-11,127,41,49.21
4786,67,2024-03-11,120,113,20.21
4787,68,2024-03-11,80,109,23.51
4788,71,2024-03-11,203,47,40.47
4789,72,2024-03-11,93,99,54.12
4790,73,2024-03-11,24,43,36.76
4791,74,2024-03-11,129,17,37.87
4792,75,2024-03-11,82,108,38.89
4793,78,2024-03-11,138,97,54.42
4794,79,2024-03-11,156,270,30.24
4795,86,2024-03-11,101,77,163.2
4796,88,2024-03-11,74,42,168.72
4797,90,2024-03-11,169,158,119.95
4798,92,2024-03-11,13,49,143.07
4799,94,2024-03-11,213,67,104.01
4800,95,2024-03-11,217,87,112.56
4801,97,2024-03-11,93,52,103.95
4802,98,2024-03-11,71,73,155.7
4803,103,2024-03-11,203,20,117.92
4804,104,2024-03-11,217,35,119.43
4805,106,2024-03-11,81,52,171.88
4806,108,2024-03-11,105,255,129.46
4807,111,2024-03-11,60,176,100.21
4808,115,2024-03-11,67,89,97.85
4809,117,2024-03-11,21,78,150.43
4810,118,2024-03-11,147,56,69.79
4811,119,2024-03-11,24,98,62.4
4812,121,2024-03-11,91,66,26.83
4813,124,2024-03-11,37,64,42.32
4814,127,2024-03-11,206,86,128.43
4815,128,2024-03-11,5,80,35.89
4816,130,2024-03-11,91,219,49.42
4817,131,2024-03-11,213,68,33.44
4818,132,2024-03-11,151,135,140.99
4819,134,2024-03-11,39,55,94.31
4820,138,2024-03-11,215,46,91.44
4821,141,2024-03-11,6,67,113.66
4822,143,2024-03-11,192,97,139.15
4823,145,2024-03-11,210,64,31.87
4824,146,2024-03-11,146,67,91.34
4825,147,2024-03-11,173,100,65.12
4826,148,2024-03-11,52,228,39.07
4827,150,2024-03-11,113,82,57.87
4828,155,2024-03-11,170,91,109.06
4829,158,2024-03-11,184,112,22.82
4830,164,2024-03-11,135,81,32.71
4831,167,2024-03-11,102,77,61.88
4832,169,2024-03-11,55,235,28.76
4833,3,2024-03-18,44,58,14.52
4834,4,2024-03-18,140,120,8.28
4835,10,2024-03-18,65,80,15.14
4836,12,2024-03-18,73,39,34.19
4837,13,2024-03-18,173,153,40.42
4838,14,2024-03-18,173,77,33.61
4839,19,2024-03-18,121,147,46.01
4840,21,2024-03-18,134,100,12.99
4841,23,2024-03-18,66,176,38.64
4842,25,2024-03-18,152,66,43.4
4843,26,2024-03-18,155,150,25.51
4844,27,2024-03-18,86,143,11.45
4845,28,2024-03-18,77,83,44.74
4846,30,2024-03-18,68,258,35.51
4847,33,2024-03-18,94,102,25.73
4848,34,2024-03-18,196,49,45.65
4849,35,2024-03-18,122,176,30.63
4850,37,2024-03-18,172,32,30.35
4851,38,2024-03-18,220,126,29.1
4852,42,2024-03-18,192,89,38.92
4853,45,2024-03-18,113,46,16.58
4854,47,2024-03-18,64,140,9.71
4855,48,2024-03-18,45,40,14.24
4856,52,2024-03-18,115,59,21.07
4857,54,2024-03-18,23,73,25.8
4858,61,2024-03-18,49,47,47.04
4859,64,2024-03-18,115,82,18.18
4860,65,2024-03-18,198,129,49.08
4861,67,2024-03-18,105,246,20.14
4862,68,2024-03-18,92,65,23.4
4863,69,2024-03-18,16,34,10.43
4864,70,2024-03-18,179,210,49.61
4865,72,2024-03-18,190,180,54.78
4866,74,2024-03-18,99,29,38.6
4867,86,2024-03-18,94,95,161.72
4868,88,2024-03-18,168,81,169.33
4869,90,2024-03-18,56,42,125.15
4870,91,2024-03-18,185,90,89.81
4871,92,2024-03-18,199,136,137.68
4872,94,2024-03-18,182,97,101.5
4873,95,2024-03-18,212,40,113.92
4874,97,2024-03-18,199,140,102.14
4875,98,2024-03-18,215,149,156.42
4876,103,2024-03-18,149,39,116.67
4877,104,2024-03-18,13,60,118.08
4878,106,2024-03-18,117,145,174.64
4879,111,2024-03-18,169,102,98.56
4880,115,2024-03-18,101,82,100.53
4881,116,2024-03-18,139,51,120.24
4882,117,2024-03-18,40,88,152.28
4883,118,2024-03-18,65,45,70.2
4884,119,2024-03-18,163,77,60.69
4885,120,2024-03-18,198,79,146.57
4886,123,2024-03-18,26,171,158.19
4887,124,2024-03-18,130,81,41.85
4888,127,2024-03-18,89,65,129.04
4889,128,2024-03-18,31,70,34.95
4890,130,2024-03-18,55,108,48.22
4891,131,2024-03-18,64,162,33.61
4892,132,2024-03-18,49,80,143.21
4893,134,2024-03-18,199,109,93.98
4894,135,2024-03-18,131,18,34.24
4895,138,2024-03-18,164,22,87.36
4896,139,2024-03-18,190,126,67.27
4897,140,2024-03-18,198,23,148.64
4898,141,2024-03-18,204,57,110.84
4899,142,2024-03-18,125,22,146.88
4900,145,2024-03-18,20,135,32.46
4901,148,2024-03-18,218,73,40.7
4902,149,2024-03-18,176,59,75.76
4903,155,2024-03-18,210,68,113.04
4904,158,2024-03-18,66,225,23.63
4905,164,2024-03-18,20,108,32.84
4906,166,2024-03-18,105,294,74.47
4907,169,2024-03-18,184,95,28.71
4908,2,2024-03-25,177,60,18.65
4909,3,2024-03-25,36,74,14.81
4910,9,2024-03-25,99,74,20.73
4911,10,2024-03-25,23,257,15.37
4912,11,2024-03-25,27,135,27.57
4913,17,2024-03-25,183,171,9.02
4914,20,2024-03-25,16,72,19.21
4915,21,2024-03-25,156,261,12.58
4916,22,2024-03-25,205,96,16.64
4917,23,2024-03-25,4,84,38.12
4918,24,2024-03-25,181,81,31.76
4919,26,2024-03-25,199,178,25.26
4920,27,2024-03-25,147,92,11.95
4921,29,2024-03-25,176,46,33.86
4922,33,2024-03-25,133,88,26.59
4923,34,2024-03-25,161,129,46.17
4924,35,2024-03-25,84,84,29.38
4925,36,2024-03-25,145,51,9.87
4926,38,2024-03-25,157,46,30.3
4927,40,2024-03-25,151,75,10.22
4928,42,2024-03-25,137,24,38.08
4929,43,2024-03-25,71,24,34.11
4930,47,2024-03-25,90,67,10.02
4931,48,2024-03-25,142,40,14.55
4932,50,2024-03-25,15,131,22.74
4933,51,2024-03-25,147,50,41.98
4934,52,2024-03-25,195,82,20.78
4935,53,2024-03-25,216,158,40.36
4936,54,2024-03-25,152,64,25.26
4937,58,2024-03-25,44,39,16.33
4938,60,2024-03-25,48,89,19.71
4939,64,2024-03-25,80,133,18.15
4940,66,2024-03-25,144,40,46.03
4941,67,2024-03-25,83,150,20.17
4942,68,2024-03-25,169,160,24.25
4943,70,2024-03-25,169,158,49.68
4944,71,2024-03-25,168,17,39.03
4945,72,2024-03-25,78,145,54.64
4946,73,2024-03-25,65,93,37.06
4947,74,2024-03-25,193,34,36.79
4948,75,2024-03-25,121,300,38.23
4949,77,2024-03-25,92,14,34.05
4950,78,2024-03-25,164,19,52.49
4951,79,2024-03-25,34,127,30.22
4952,80,2024-03-25,164,51,24.41
4953,86,2024-03-25,2,53,167.03
4954,88,2024-03-25,169,172,168.29
4955,91,2024-03-25,78,82,91.71
4956,94,2024-03-25,119,82,101.59
4957,97,2024-03-25,215,56,104.08
4958,101,2024-03-25,22,141,118.75
4959,105,2024-03-25,220,73,103.22
4960,106,2024-03-25,17,47,167.88
4961,111,2024-03-25,68,234,98.19
4962,113,2024-03-25,65,59,78.46
4963,114,2024-03-25,9,44,43.41
4964,115,2024-03-25,32,171,101.63
4965,118,2024-03-25,166,53,67.83
4966,121,2024-03-25,7,96,27.44
4967,123,2024-03-25,140,124,158.74
4968,124,2024-03-25,9,80,41.0
4969,125,2024-03-25,32,21,106.01
4970,128,2024-03-25,103,64,35.84
4971,130,2024-03-25,60,124,47.69
4972,131,2024-03-25,1,113,34.18
4973,134,2024-03-25,100,186,93.01
4974,135,2024-03-25,37,55,34.0
4975,136,2024-03-25,151,138,124.14
4976,137,2024-03-25,148,113,161.4
4977,138,2024-03-25,92,18,87.09
4978,140,2024-03-25,135,19,148.93
4979,141,2024-03-25,182,109,110.22
4980,142,2024-03-25,157,13,147.41
4981,143,2024-03-25,217,78,135.98
4982,147,2024-03-25,106,42,65.79
4983,148,2024-03-25,8,113,39.26
4984,150,2024-03-25,131,167,58.76
4985,151,2024-03-25,54,51,86.51
4986,152,2024-03-25,48,11,30.11
4987,155,2024-03-25,56,40,113.26
4988,158,2024-03-25,76,84,23.06
4989,164,2024-03-25,219,81,33.46
4990,167,2024-03-25,215,111,62.4
